time,c_air,c_soil,c_veg,co2_ppm,p00_type,p00_stage,p00_stress,p01_type,p01_stage,p01_stress,p02_type,p02_stage,p02_stress,p03_type,p03_stage,p03_stress,p04_type,p04_stage,p04_stress,p05_type,p05_stage,p05_stress,p10_type,p10_stage,p10_stress,p11_type,p11_stage,p11_stress,p12_type,p12_stage,p12_stress,p13_type,p13_stage,p13_stress,p14_type,p14_stage,p14_stress,p15_type,p15_stage,p15_stress,p20_type,p20_stage,p20_stress,p21_type,p21_stage,p21_stress,p22_type,p22_stage,p22_stress,p23_type,p23_stage,p23_stress,p24_type,p24_stage,p24_stress,p25_type,p25_stage,p25_stress,p30_type,p30_stage,p30_stress,p31_type,p31_stage,p31_stress,p32_type,p32_stage,p32_stress,p33_type,p33_stage,p33_stress,p34_type,p34_stage,p34_stress,p35_type,p35_stage,p35_stress,p40_type,p40_stage,p40_stress,p41_type,p41_stage,p41_stress,p42_type,p42_stage,p42_stress,p43_type,p43_stage,p43_stress,p44_type,p44_stage,p44_stress,p45_type,p45_stage,p45_stress,p50_type,p50_stage,p50_stress,p51_type,p51_stage,p51_stress,p52_type,p52_stage,p52_stress,p53_type,p53_stage,p53_stress,p54_type,p54_stage,p54_stress,p55_type,p55_stage,p55_stress
0,2699999993767884423.00,0.00,6232115577.00,1200.75,C,1,0,C,1,0,C,1,0,C,1,0,C,1,0,C,1,0,C,1,0,C,1,0,C,1,0,C,1,0,C,1,0,C,1,0,C,1,0,C,1,0,C,1,0,C,1,0,C,1,0,C,1,0,C,1,0,C,1,0,C,1,0,C,1,0,C,1,0,C,1,0,C,1,0,C,1,0,C,1,0,C,1,0,C,1,0,C,1,0,C,1,0,C,1,0,C,1,0,C,1,0,C,1,0,C,1,0
1,2699998399893083854.63,2388146689.11,1597718769456.26,1200.75,C,1,0,C,1,0,C,1,0,C,1,0,C,1,0,C,1,0,C,1,0,C,1,0,C,1,0,C,1,0,C,1,0,C,1,0,C,1,0,C,1,0,C,1,0,C,1,0,C,1,0,C,1,0,C,1,0,C,1,0,C,1,0,C,1,0,C,1,0,C,1,0,C,1,0,C,1,0,C,1,0,C,1,0,C,1,0,C,1,0,C,1,0,C,1,0,C,1,0,C,1,0,C,1,0,C,1,0
2,2699989479314114852.69,614533676983.80,9906152208163.51,1200.75,C,1,0,C,1,0,C,1,0,C,1,0,C,1,0,C,1,0,C,1,0,C,1,0,C,1,0,C,1,0,C,1,0,C,1,0,C,1,0,C,1,0,C,1,0,C,1,0,C,1,0,C,1,0,C,1,0,C,1,0,C,1,0,C,1,0,C,1,0,C,1,0,C,1,0,C,1,0,C,1,0,C,1,0,C,1,0,C,1,0,C,1,0,C,1,0,C,1,0,C,1,0,C,1,0,C,1,0
3,2699965072465716938.58,4384760788718.74,30542773494342.67,1200.73,C,1,0,C,1,0,C,1,0,C,1,0,C,1,0,C,1,0,C,1,0,C,1,0,C,1,0,C,1,0,C,1,0,C,1,0,C,1,0,C,1,0,C,1,0,C,1,0,C,1,0,C,1,0,C,1,0,C,1,0,C,1,0,C,1,0,C,1,0,C,1,0,C,1,0,C,1,0,C,1,0,C,1,0,C,1,0,C,1,0,C,1,0,C,1,0,C,1,0,C,1,0,C,1,0,C,1,0
4,2699914976584670737.65,15904591638624.67,69118823690637.69,1200.71,C,1,0,C,1,0,C,1,0,C,1,0,C,1,0,C,1,0,C,1,0,C,1,0,C,1,0,C,1,0,C,1,0,C,1,0,C,1,0,C,1,0,C,1,0,C,1,0,C,1,0,C,1,0,C,1,0,C,1,0,C,1,0,C,1,0,C,1,0,C,1,0,C,1,0,C,1,0,C,1,0,C,1,0,C,1,0,C,1,0,C,1,0,C,1,0,C,1,0,C,1,0,C,1,0,C,1,0
5,2699827031524112252.76,41722932028054.79,131245543859692.45,1200.67,C,2,0,C,2,0,C,2,0,C,2,0,C,2,0,C,2,0,C,2,0,C,2,0,C,2,0,C,2,0,C,2,0,C,2,0,C,2,0,C,2,0,C,2,0,C,2,0,C,2,0,C,2,0,C,2,0,C,2,0,C,2,0,C,2,0,C,2,0,C,2,0,C,2,0,C,2,0,C,2,0,C,2,0,C,2,0,C,2,0,C,2,0,C,2,0,C,2,0,C,2,0,C,2,0,C,2,0
6,2699687201963645938.48,90263861289910.63,222534175064150.89,1200.61,C,2,0,C,2,0,C,2,0,C,2,0,C,2,0,C,2,0,C,2,0,C,2,0,C,2,0,C,2,0,C,2,0,C,2,0,C,2,0,C,2,0,C,2,0,C,2,0,C,2,0,C,2,0,C,2,0,C,2,0,C,2,0,C,2,0,C,2,0,C,2,0,C,2,0,C,2,0,C,2,0,C,2,0,C,2,0,C,2,0,C,2,0,C,2,0,C,2,0,C,2,0,C,2,0,C,2,0
7,2699479656166633026.00,171747875000317.02,348595958366656.97,1200.52,C,2,0,C,2,0,C,2,0,C,2,0,C,2,0,C,2,0,C,2,0,C,2,0,C,2,0,C,2,0,C,2,0,C,2,0,C,2,0,C,2,0,C,2,0,C,2,0,C,2,0,C,2,0,C,2,0,C,2,0,C,2,0,C,2,0,C,2,0,C,2,0,C,2,0,C,2,0,C,2,0,C,2,0,C,2,0,C,2,0,C,2,0,C,2,0,C,2,0,C,2,0,C,2,0,C,2,0
8,2699186841429673738.68,298116435496406.67,515042134829854.66,1200.39,C,2,0,C,2,0,C,2,0,C,2,0,C,2,0,C,2,0,C,2,0,C,2,0,C,2,0,C,2,0,C,2,0,C,2,0,C,2,0,C,2,0,C,2,0,C,2,0,C,2,0,C,2,0,C,2,0,C,2,0,C,2,0,C,2,0,C,2,0,C,2,0,C,2,0,C,2,0,C,2,0,C,2,0,C,2,0,C,2,0,C,2,0,C,2,0,C,2,0,C,2,0,C,2,0,C,2,0
9,2698789556363211254.36,482959691272357.91,727483945516387.73,1200.21,C,2,0,C,2,0,C,2,0,C,2,0,C,2,0,C,2,0,C,2,0,C,2,0,C,2,0,C,2,0,C,2,0,C,2,0,C,2,0,C,2,0,C,2,0,C,2,0,C,2,0,C,2,0,C,2,0,C,2,0,C,2,0,C,2,0,C,2,0,C,2,0,C,2,0,C,2,0,C,2,0,C,2,0,C,2,0,C,2,0,C,2,0,C,2,0,C,2,0,C,2,0,C,2,0,C,2,0
10,2698267020136350301.23,741447232160798.67,991532631488900.09,1199.98,C,2,0,C,2,0,C,2,0,C,2,0,C,2,0,C,2,0,C,2,0,C,2,0,C,2,0,C,2,0,C,2,0,C,2,0,C,2,0,C,2,0,C,2,0,C,2,0,C,2,0,C,2,0,C,2,0,C,2,0,C,2,0,C,2,0,C,2,0,C,2,0,C,2,0,C,2,0,C,2,0,C,2,0,C,2,0,C,2,0,C,2,0,C,2,0,C,2,0,C,2,0,C,2,0,C,2,0
11,2697596938813393372.55,1090261752796591.65,1312799433810035.80,1199.68,C,2,0,C,2,0,C,2,0,C,2,0,C,2,0,C,2,0,C,2,0,C,2,0,C,2,0,C,2,0,C,2,0,C,2,0,C,2,0,C,2,0,C,2,0,C,2,0,C,2,0,C,2,0,C,2,0,C,2,0,C,2,0,C,2,0,C,2,0,C,2,0,C,2,0,C,2,0,C,2,0,C,2,0,C,2,0,C,2,0,C,2,0,C,2,0,C,2,0,C,2,0,C,2,0,C,2,0
12,2696755568904242420.60,1547535502215140.50,1696895593542438.89,1199.31,C,2,0,C,2,0,C,2,0,C,2,0,C,2,0,C,2,0,C,2,0,C,2,0,C,2,0,C,2,0,C,2,0,C,2,0,C,2,0,C,2,0,C,2,0,C,2,0,C,2,0,C,2,0,C,2,0,C,2,0,C,2,0,C,2,0,C,2,0,C,2,0,C,2,0,C,2,0,C,2,0,C,2,0,C,2,0,C,2,0,C,2,0,C,2,0,C,2,0,C,2,0,C,2,0,C,2,0
13,2695717778245683679.93,2132789402567567.30,2149432351748752.76,1198.85,C,2,0,C,2,0,C,2,0,C,2,0,C,2,0,C,2,0,C,2,0,C,2,0,C,2,0,C,2,0,C,2,0,C,2,0,C,2,0,C,2,0,C,2,0,C,2,0,C,2,0,C,2,0,C,2,0,C,2,0,C,2,0,C,2,0,C,2,0,C,2,0,C,2,0,C,2,0,C,2,0,C,2,0,C,2,0,C,2,0,C,2,0,C,2,0,C,2,0,C,2,0,C,2,0,C,2,0
14,2694457104325658526.44,2866874724849851.64,2676020949491621.91,1198.28,C,2,0,C,2,0,C,2,0,C,2,0,C,2,0,C,2,0,C,2,0,C,2,0,C,2,0,C,2,0,C,2,0,C,2,0,C,2,0,C,2,0,C,2,0,C,2,0,C,2,0,C,2,0,C,2,0,C,2,0,C,2,0,C,2,0,C,2,0,C,2,0,C,2,0,C,2,0,C,2,0,C,2,0,C,2,0,C,2,0,C,2,0,C,2,0,C,2,0,C,2,0,C,2,0,C,2,0
15,2692945810157914962.91,3771917214251347.47,3282272627833689.62,1197.61,C,2,0,C,2,0,C,2,0,C,2,0,C,2,0,C,2,0,C,2,0,C,2,0,C,2,0,C,2,0,C,2,0,C,2,0,C,2,0,C,2,0,C,2,0,C,2,0,C,2,0,C,2,0,C,2,0,C,2,0,C,2,0,C,2,0,C,2,0,C,2,0,C,2,0,C,2,0,C,2,0,C,2,0,C,2,0,C,2,0,C,2,0,C,2,0,C,2,0,C,2,0,C,2,0,C,2,0
16,2691154937809923738.64,4871263562238660.82,3973798627837600.53,1196.82,C,2,0,C,2,0,C,2,0,C,2,0,C,2,0,C,2,0,C,2,0,C,2,0,C,2,0,C,2,0,C,2,0,C,2,0,C,2,0,C,2,0,C,2,0,C,2,0,C,2,0,C,2,0,C,2,0,C,2,0,C,2,0,C,2,0,C,2,0,C,2,0,C,2,0,C,2,0,C,2,0,C,2,0,C,2,0,C,2,0,C,2,0,C,2,0,C,2,0,C,2,0,C,2,0,C,2,0
17,2689054359682621996.75,6189430126812005.79,4756210190565997.46,1195.88,C,2,0,C,2,0,C,2,0,C,2,0,C,2,0,C,2,0,C,2,0,C,2,0,C,2,0,C,2,0,C,2,0,C,2,0,C,2,0,C,2,0,C,2,0,C,2,0,C,2,0,C,2,0,C,2,0,C,2,0,C,2,0,C,2,0,C,2,0,C,2,0,C,2,0,C,2,0,C,2,0,C,2,0,C,2,0,C,2,0,C,2,0,C,2,0,C,2,0,C,2,0,C,2,0,C,2,0
18,2686612827636407682.11,7752053806510791.86,5635118557081526.04,1194.80,C,2,0,C,2,0,C,2,0,C,2,0,C,2,0,C,2,0,C,2,0,C,2,0,C,2,0,C,2,0,C,2,0,C,2,0,C,2,0,C,2,0,C,2,0,C,2,0,C,2,0,C,2,0,C,2,0,C,2,0,C,2,0,C,2,0,C,2,0,C,2,0,C,2,0,C,2,0,C,2,0,C,2,0,C,2,0,C,2,0,C,2,0,C,2,0,C,2,0,C,2,0,C,2,0,C,2,0
19,2683798020053842191.76,9585844977710979.51,6616134968446828.72,1193.54,C,2,0,C,2,0,C,2,0,C,2,0,C,2,0,C,2,0,C,2,0,C,2,0,C,2,0,C,2,0,C,2,0,C,2,0,C,2,0,C,2,0,C,2,0,C,2,0,C,2,0,C,2,0,C,2,0,C,2,0,C,2,0,C,2,0,C,2,0,C,2,0,C,2,0,C,2,0,C,2,0,C,2,0,C,2,0,C,2,0,C,2,0,C,2,0,C,2,0,C,2,0,C,2,0,C,2,0
20,2680576586925719505.97,11718542408555943.45,7704870665724550.58,1192.11,C,2,0,C,2,0,C,2,0,C,2,0,C,2,0,C,2,0,C,2,0,C,2,0,C,2,0,C,2,0,C,2,0,C,2,0,C,2,0,C,2,0,C,2,0,C,2,0,C,2,0,C,2,0,C,2,0,C,2,0,C,2,0,C,2,0,C,2,0,C,2,0,C,2,0,C,2,0,C,2,0,C,2,0,C,2,0,C,2,0,C,2,0,C,2,0,C,2,0,C,2,0,C,2,0,C,2,0
21,2676914193043520423.97,14178870066502241.96,8906936889977334.07,1190.48,C,2,0,C,2,0,C,2,0,C,2,0,C,2,0,C,2,0,C,2,0,C,2,0,C,2,0,C,2,0,C,2,0,C,2,0,C,2,0,C,2,0,C,2,0,C,2,0,C,2,0,C,2,0,C,2,0,C,2,0,C,2,0,C,2,0,C,2,0,C,2,0,C,2,0,C,2,0,C,2,0,C,2,0,C,2,0,C,2,0,C,2,0,C,2,0,C,2,0,C,2,0,C,2,0,C,2,0
22,2672775559377783712.44,16996495739948462.74,10227944882267824.82,1188.64,C,2,0,C,2,0,C,2,0,C,2,0,C,2,0,C,2,0,C,2,0,C,2,0,C,2,0,C,2,0,C,2,0,C,2,0,C,2,0,C,2,0,C,2,0,C,2,0,C,2,0,C,2,0,C,2,0,C,2,0,C,2,0,C,2,0,C,2,0,C,2,0,C,2,0,C,2,0,C,2,0,C,2,0,C,2,0,C,2,0,C,2,0,C,2,0,C,2,0,C,2,0,C,2,0,C,2,0
23,2668124502718585677.13,20201991397755657.86,11673505883658665.01,1186.57,C,2,0,C,2,0,C,2,0,C,2,0,C,2,0,C,2,0,C,2,0,C,2,0,C,2,0,C,2,0,C,2,0,C,2,0,C,2,0,C,2,0,C,2,0,C,2,0,C,2,0,C,2,0,C,2,0,C,2,0,C,2,0,C,2,0,C,2,0,C,2,0,C,2,0,C,2,0,C,2,0,C,2,0,C,2,0,C,2,0,C,2,0,C,2,0,C,2,0,C,2,0,C,2,0,C,2,0
24,2662923973651119582.57,23826795213667920.03,13249231135212497.40,1184.26,C,2,0,C,2,0,C,2,0,C,2,0,C,2,0,C,2,0,C,2,0,C,2,0,C,2,0,C,2,0,C,2,0,C,2,0,C,2,0,C,2,0,C,2,0,C,2,0,C,2,0,C,2,0,C,2,0,C,2,0,C,2,0,C,2,0,C,2,0,C,2,0,C,2,0,C,2,0,C,2,0,C,2,0,C,2,0,C,2,0,C,2,0,C,2,0,C,2,0,C,2,0,C,2,0,C,2,0
25,2657136092936300730.99,27903175185707297.08,14960731877991971.92,1181.69,C,2,0,C,2,0,C,2,0,C,2,0,C,2,0,C,2,0,C,2,0,C,2,0,C,2,0,C,2,0,C,2,0,C,2,0,C,2,0,C,2,0,C,2,0,C,2,0,C,2,0,C,2,0,C,2,0,C,2,0,C,2,0,C,2,0,C,2,0,C,2,0,C,2,0,C,2,0,C,2,0,C,2,0,C,2,0,C,2,0,C,2,0,C,2,0,C,2,0,C,2,0,C,2,0,C,2,0
26,2650722186363386160.71,32464194283554114.28,16813619353059725.01,1178.84,C,2,0,C,2,0,C,2,0,C,2,0,C,2,0,C,2,0,C,2,0,C,2,0,C,2,0,C,2,0,C,2,0,C,2,0,C,2,0,C,2,0,C,2,0,C,2,0,C,2,0,C,2,0,C,2,0,C,2,0,C,2,0,C,2,0,C,2,0,C,2,0,C,2,0,C,2,0,C,2,0,C,2,0,C,2,0,C,2,0,C,2,0,C,2,0,C,2,0,C,2,0,C,2,0,C,2,0
27,2643642818138784267.36,37543677059737327.47,18813504801478405.17,1175.69,C,3,0,C,3,0,C,3,0,C,3,0,C,3,0,C,3,0,C,3,0,C,3,0,C,3,0,C,3,0,C,3,0,C,3,0,C,3,0,C,3,0,C,3,0,C,3,0,C,3,0,C,3,0,C,3,0,C,3,0,C,3,0,C,3,0,C,3,0,C,3,0,C,3,0,C,3,0,C,3,0,C,3,0,C,3,0,C,3,0,C,3,0,C,3,0,C,3,0,C,3,0,C,3,0,C,3,0
28,2635857822872534458.68,43176177663154885.88,20965999464310655.44,1172.22,C,3,0,C,3,0,C,3,0,C,3,0,C,3,0,C,3,0,C,3,0,C,3,0,C,3,0,C,3,0,C,3,0,C,3,0,C,3,0,C,3,0,C,3,0,C,3,0,C,3,0,C,3,0,C,3,0,C,3,0,C,3,0,C,3,0,C,3,0,C,3,0,C,3,0,C,3,0,C,3,0,C,3,0,C,3,0,C,3,0,C,3,0,C,3,0,C,3,0,C,3,0,C,3,0,C,3,0
29,2627326336221354656.69,49396949196026223.86,23276714582619119.44,1168.43,C,3,0,C,3,0,C,3,0,C,3,0,C,3,0,C,3,0,C,3,0,C,3,0,C,3,0,C,3,0,C,3,0,C,3,0,C,3,0,C,3,0,C,3,0,C,3,0,C,3,0,C,3,0,C,3,0,C,3,0,C,3,0,C,3,0,C,3,0,C,3,0,C,3,0,C,3,0,C,3,0,C,3,0,C,3,0,C,3,0,C,3,0,C,3,0,C,3,0,C,3,0,C,3,0,C,3,0
30,2618006824244680790.44,56241914357852769.06,25751261397466440.50,1164.29,C,3,0,C,3,0,C,3,0,C,3,0,C,3,0,C,3,0,C,3,0,C,3,0,C,3,0,C,3,0,C,3,0,C,3,0,C,3,0,C,3,0,C,3,0,C,3,0,C,3,0,C,3,0,C,3,0,C,3,0,C,3,0,C,3,0,C,3,0,C,3,0,C,3,0,C,3,0,C,3,0,C,3,0,C,3,0,C,3,0,C,3,0,C,3,0,C,3,0,C,3,0,C,3,0,C,3,0
31,2607857111527752638.58,63747637322332092.57,28395251149915268.85,1159.77,C,3,0,C,3,0,C,3,0,C,3,0,C,3,0,C,3,0,C,3,0,C,3,0,C,3,0,C,3,0,C,3,0,C,3,0,C,3,0,C,3,0,C,3,0,C,3,0,C,3,0,C,3,0,C,3,0,C,3,0,C,3,0,C,3,0,C,3,0,C,3,0,C,3,0,C,3,0,C,3,0,C,3,0,C,3,0,C,3,0,C,3,0,C,3,0,C,3,0,C,3,0,C,3,0,C,3,0
32,2596834408123530091.26,71951296795441676.18,31214295081028232.56,1154.87,C,3,0,C,3,0,C,3,0,C,3,0,C,3,0,C,3,0,C,3,0,C,3,0,C,3,0,C,3,0,C,3,0,C,3,0,C,3,0,C,3,0,C,3,0,C,3,0,C,3,0,C,3,0,C,3,0,C,3,0,C,3,0,C,3,0,C,3,0,C,3,0,C,3,0,C,3,0,C,3,0,C,3,0,C,3,0,C,3,0,C,3,0,C,3,0,C,3,0,C,3,0,C,3,0,C,3,0
33,2584895335363048864.41,80890660205083145.08,34214004431867990.52,1149.56,C,3,0,C,3,0,C,3,0,C,3,0,C,3,0,C,3,0,C,3,0,C,3,0,C,3,0,C,3,0,C,3,0,C,3,0,C,3,0,C,3,0,C,3,0,C,3,0,C,3,0,C,3,0,C,3,0,C,3,0,C,3,0,C,3,0,C,3,0,C,3,0,C,3,0,C,3,0,C,3,0,C,3,0,C,3,0,C,3,0,C,3,0,C,3,0,C,3,0,C,3,0,C,3,0,C,3,0
34,2571995950581741350.28,90604058974761465.98,37399990443497183.73,1143.82,C,3,0,C,3,0,C,3,0,C,3,0,C,3,0,C,3,0,C,3,0,C,3,0,C,3,0,C,3,0,C,3,0,C,3,0,C,3,0,C,3,0,C,3,0,C,3,0,C,3,0,C,3,0,C,3,0,C,3,0,C,3,0,C,3,0,C,3,0,C,3,0,C,3,0,C,3,0,C,3,0,C,3,0,C,3,0,C,3,0,C,3,0,C,3,0,C,3,0,C,3,0,C,3,0,C,3,0
35,2558091770807251947.50,101130364835769607.62,40777864356978444.88,1137.64,C,3,0,C,3,0,C,3,0,C,3,0,C,3,0,C,3,0,C,3,0,C,3,0,C,3,0,C,3,0,C,3,0,C,3,0,C,3,0,C,3,0,C,3,0,C,3,0,C,3,0,C,3,0,C,3,0,C,3,0,C,3,0,C,3,0,C,3,0,C,3,0,C,3,0,C,3,0,C,3,0,C,3,0,C,3,0,C,3,0,C,3,0,C,3,0,C,3,0,C,3,0,C,3,0,C,3,0
36,2543137795452364142.39,112508967134261424.76,44353237413374432.85,1130.99,C,3,0,C,3,0,C,3,0,C,3,0,C,3,0,C,3,0,C,3,0,C,3,0,C,3,0,C,3,0,C,3,0,C,3,0,C,3,0,C,3,0,C,3,0,C,3,0,C,3,0,C,3,0,C,3,0,C,3,0,C,3,0,C,3,0,C,3,0,C,3,0,C,3,0,C,3,0,C,3,0,C,3,0,C,3,0,C,3,0,C,3,0,C,3,0,C,3,0,C,3,0,C,3,0,C,3,0
37,2527088528054824674.88,124779751091427526.96,48131720853747798.16,1123.85,C,3,0,C,3,0,C,3,0,C,3,0,C,3,0,C,3,0,C,3,0,C,3,0,C,3,0,C,3,0,C,3,0,C,3,0,C,3,0,C,3,0,C,3,0,C,3,0,C,3,0,C,3,0,C,3,0,C,3,0,C,3,0,C,3,0,C,3,0,C,3,0,C,3,0,C,3,0,C,3,0,C,3,0,C,3,0,C,3,0,C,3,0,C,3,0,C,3,0,C,3,0,C,3,0,C,3,0
38,2509897997104095109.45,137983076976743726.56,52118925919161163.99,1116.21,C,3,0,C,3,0,C,3,0,C,3,0,C,3,0,C,3,0,C,3,0,C,3,0,C,3,0,C,3,0,C,3,0,C,3,0,C,3,0,C,3,0,C,3,0,C,3,0,C,3,0,C,3,0,C,3,0,C,3,0,C,3,0,C,3,0,C,3,0,C,3,0,C,3,0,C,3,0,C,3,0,C,3,0,C,3,0,C,3,0,C,3,0,C,3,0,C,3,0,C,3,0,C,3,0,C,3,0
39,2491519775993379780.87,152159760155943047.78,56320463850677171.35,1108.03,C,3,0,C,3,0,C,3,0,C,3,0,C,3,0,C,3,0,C,3,0,C,3,0,C,3,0,C,3,0,C,3,0,C,3,0,C,3,0,C,3,0,C,3,0,C,3,0,C,3,0,C,3,0,C,3,0,C,3,0,C,3,0,C,3,0,C,3,0,C,3,0,C,3,0,C,3,0,C,3,0,C,3,0,C,3,0,C,3,0,C,3,0,C,3,0,C,3,0,C,3,0,C,3,0,C,3,0
40,2471907002133668570.07,167351051976972932.08,60741945889358497.84,1099.31,C,3,0,C,3,0,C,3,0,C,3,0,C,3,0,C,3,0,C,3,0,C,3,0,C,3,0,C,3,0,C,3,0,C,3,0,C,3,0,C,3,0,C,3,0,C,3,0,C,3,0,C,3,0,C,3,0,C,3,0,C,3,0,C,3,0,C,3,0,C,3,0,C,3,0,C,3,0,C,3,0,C,3,0,C,3,0,C,3,0,C,3,0,C,3,0,C,3,0,C,3,0,C,3,0,C,3,0
41,2451012395264990007.82,183598621458742243.68,65388983276267748.50,1090.02,C,3,0,C,3,0,C,3,0,C,3,0,C,3,0,C,3,0,C,3,0,C,3,0,C,3,0,C,3,0,C,3,0,C,3,0,C,3,0,C,3,0,C,3,0,C,3,0,C,3,0,C,3,0,C,3,0,C,3,0,C,3,0,C,3,0,C,3,0,C,3,0,C,3,0,C,3,0,C,3,0,C,3,0,C,3,0,C,3,0,C,3,0,C,3,0,C,3,0,C,3,0,C,3,0,C,3,0
42,2428788274998591545.43,200944537748940873.24,70267187252467581.33,1080.14,C,3,0,C,3,0,C,3,0,C,3,0,C,3,0,C,3,0,C,3,0,C,3,0,C,3,0,C,3,0,C,3,0,C,3,0,C,3,0,C,3,0,C,3,0,C,3,0,C,3,0,C,3,0,C,3,0,C,3,0,C,3,0,C,3,0,C,3,0,C,3,0,C,3,0,C,3,0,C,3,0,C,3,0,C,3,0,C,3,0,C,3,0,C,3,0,C,3,0,C,3,0,C,3,0,C,3,0
43,2405186577622348404.67,219431253318630937.51,75382169059020657.81,1069.64,C,3,0,C,3,0,C,3,0,C,3,0,C,3,0,C,3,0,C,3,0,C,3,0,C,3,0,C,3,0,C,3,0,C,3,0,C,3,0,C,3,0,C,3,0,C,3,0,C,3,0,C,3,0,C,3,0,C,3,0,C,3,0,C,3,0,C,3,0,C,3,0,C,3,0,C,3,0,C,3,0,C,3,0,C,3,0,C,3,0,C,3,0,C,3,0,C,3,0,C,3,0,C,3,0,C,3,0
44,2380158872200345255.70,239101587862665154.13,80739539936989590.16,1058.51,C,3,0,C,3,0,C,3,0,C,3,0,C,3,0,C,3,0,C,3,0,C,3,0,C,3,0,C,3,0,C,3,0,C,3,0,C,3,0,C,3,0,C,3,0,C,3,0,C,3,0,C,3,0,C,3,0,C,3,0,C,3,0,C,3,0,C,3,0,C,3,0,C,3,0,C,3,0,C,3,0,C,3,0,C,3,0,C,3,0,C,3,0,C,3,0,C,3,0,C,3,0,C,3,0,C,3,0
45,2353656375996275331.31,259998712876287630.84,86344911127437037.84,1046.72,C,3,0,C,3,0,C,3,0,C,3,0,C,3,0,C,3,0,C,3,0,C,3,0,C,3,0,C,3,0,C,3,0,C,3,0,C,3,0,C,3,0,C,3,0,C,3,0,C,3,0,C,3,0,C,3,0,C,3,0,C,3,0,C,3,0,C,3,0,C,3,0,C,3,0,C,3,0,C,3,0,C,3,0,C,3,0,C,3,0,C,3,0,C,3,0,C,3,0,C,3,0,C,3,0,C,3,0
46,2325629969249056920.04,282166136879517427.14,92203893871425652.82,1034.26,C,3,0,C,3,0,C,3,0,C,3,0,C,3,0,C,3,0,C,3,0,C,3,0,C,3,0,C,3,0,C,3,0,C,3,0,C,3,0,C,3,0,C,3,0,C,3,0,C,3,0,C,3,0,C,3,0,C,3,0,C,3,0,C,3,0,C,3,0,C,3,0,C,3,0,C,3,0,C,3,0,C,3,0,C,3,0,C,3,0,C,3,0,C,3,0,C,3,0,C,3,0,C,3,0,C,3,0
47,2296030209327873888.64,305647691262108009.03,98322099410018102.32,1021.10,C,3,0,C,3,0,C,3,0,C,3,0,C,3,0,C,3,0,C,3,0,C,3,0,C,3,0,C,3,0,C,3,0,C,3,0,C,3,0,C,3,0,C,3,0,C,3,0,C,3,0,C,3,0,C,3,0,C,3,0,C,3,0,C,3,0,C,3,0,C,3,0,C,3,0,C,3,0,C,3,0,C,3,0,C,3,0,C,3,0,C,3,0,C,3,0,C,3,0,C,3,0,C,3,0,C,3,0
48,2264807344292704617.85,330487516723018409.49,104705138984276972.66,1007.21,C,3,0,C,3,0,C,3,0,C,3,0,C,3,0,C,3,0,C,3,0,C,3,0,C,3,0,C,3,0,C,3,0,C,3,0,C,3,0,C,3,0,C,3,0,C,3,0,C,3,0,C,3,0,C,3,0,C,3,0,C,3,0,C,3,0,C,3,0,C,3,0,C,3,0,C,3,0,C,3,0,C,3,0,C,3,0,C,3,0,C,3,0,C,3,0,C,3,0,C,3,0,C,3,0,C,3,0
49,2231911325885308485.70,356730050279426572.58,111358623835264941.72,992.58,C,3,0,C,3,0,C,3,0,C,3,0,C,3,0,C,3,0,C,3,0,C,3,0,C,3,0,C,3,0,C,3,0,C,3,0,C,3,0,C,3,0,C,3,0,C,3,0,C,3,0,C,3,0,C,3,0,C,3,0,C,3,0,C,3,0,C,3,0,C,3,0,C,3,0,C,3,0,C,3,0,C,3,0,C,3,0,C,3,0,C,3,0,C,3,0,C,3,0,C,3,0,C,3,0,C,3,0
50,2197291821974591168.25,384420012821364181.23,118288165204044650.52,977.18,C,3,0,C,3,0,C,3,0,C,3,0,C,3,0,C,3,0,C,3,0,C,3,0,C,3,0,C,3,0,C,3,0,C,3,0,C,3,0,C,3,0,C,3,0,C,3,0,C,3,0,C,3,0,C,3,0,C,3,0,C,3,0,C,3,0,C,3,0,C,3,0,C,3,0,C,3,0,C,3,0,C,3,0,C,3,0,C,3,0,C,3,0,C,3,0,C,3,0,C,3,0,C,3,0,C,3,0
51,2160898228479264465.47,413602397189056794.73,125499374331678739.80,961.00,C,3,0,C,3,0,C,3,0,C,3,0,C,3,0,C,3,0,C,3,0,C,3,0,C,3,0,C,3,0,C,3,0,C,3,0,C,3,0,C,3,0,C,3,0,C,3,0,C,3,0,C,3,0,C,3,0,C,3,0,C,3,0,C,3,0,C,3,0,C,3,0,C,3,0,C,3,0,C,3,0,C,3,0,C,3,0,C,3,0,C,3,0,C,3,0,C,3,0,C,3,0,C,3,0,C,3,0
52,2122679680789754426.99,444322456751015703.14,132997862459229869.88,944.00,C,3,0,C,3,0,C,3,0,C,3,0,C,3,0,C,3,0,C,3,0,C,3,0,C,3,0,C,3,0,C,3,0,C,3,0,C,3,0,C,3,0,C,3,0,C,3,0,C,3,0,C,3,0,C,3,0,C,3,0,C,3,0,C,3,0,C,3,0,C,3,0,C,3,0,C,3,0,C,3,0,C,3,0,C,3,0,C,3,0,C,3,0,C,3,0,C,3,0,C,3,0,C,3,0,C,3,0
53,2082585064710389428.51,476625694461849926.57,140789240827760644.92,926.17,C,3,0,C,3,0,C,3,0,C,3,0,C,3,0,C,3,0,C,3,0,C,3,0,C,3,0,C,3,0,C,3,0,C,3,0,C,3,0,C,3,0,C,3,0,C,3,0,C,3,0,C,3,0,C,3,0,C,3,0,C,3,0,C,3,0,C,3,0,C,3,0,C,3,0,C,3,0,C,3,0,C,3,0,C,3,0,C,3,0,C,3,0,C,3,0,C,3,0,C,3,0,C,3,0,C,3,0
54,2040563026942016122.95,510557852379650116.10,148879120678333760.95,907.48,C,3,0,C,3,0,C,3,0,C,3,0,C,3,0,C,3,0,C,3,0,C,3,0,C,3,0,C,3,0,C,3,0,C,3,0,C,3,0,C,3,0,C,3,0,C,3,0,C,3,0,C,3,0,C,3,0,C,3,0,C,3,0,C,3,0,C,3,0,C,3,0,C,3,0,C,3,0,C,3,0,C,3,0,C,3,0,C,3,0,C,3,0,C,3,0,C,3,0,C,3,0,C,3,0,C,3,0
55,1996561985124345905.94,546164901623642305.91,157273113252011788.15,887.92,C,3,0,C,3,0,C,3,0,C,3,0,C,3,0,C,3,0,C,3,0,C,3,0,C,3,0,C,3,0,C,3,0,C,3,0,C,3,0,C,3,0,C,3,0,C,3,0,C,3,0,C,3,0,C,3,0,C,3,0,C,3,0,C,3,0,C,3,0,C,3,0,C,3,0,C,3,0,C,3,0,C,3,0,C,3,0,C,3,0,C,3,0,C,3,0,C,3,0,C,3,0,C,3,0,C,3,0
56,1950530137456522295.04,583493032753620249.29,165976829789857455.67,867.44,C,3,0,C,3,0,C,3,0,C,3,0,C,3,0,C,3,0,C,3,0,C,3,0,C,3,0,C,3,0,C,3,0,C,3,0,C,3,0,C,3,0,C,3,0,C,3,0,C,3,0,C,3,0,C,3,0,C,3,0,C,3,0,C,3,0,C,3,0,C,3,0,C,3,0,C,3,0,C,3,0,C,3,0,C,3,0,C,3,0,C,3,0,C,3,0,C,3,0,C,3,0,C,3,0,C,3,0
57,1902415471913625014.09,622588646553441579.94,174995881532933405.97,846.05,C,3,0,C,3,0,C,3,0,C,3,0,C,3,0,C,3,0,C,3,0,C,3,0,C,3,0,C,3,0,C,3,0,C,3,0,C,3,0,C,3,0,C,3,0,C,3,0,C,3,0,C,3,0,C,3,0,C,3,0,C,3,0,C,3,0,C,3,0,C,3,0,C,3,0,C,3,0,C,3,0,C,3,0,C,3,0,C,3,0,C,3,0,C,3,0,C,3,0,C,3,0,C,3,0,C,3,0
58,1852165775076080632.13,663498345201617123.50,184335879722302244.37,823.70,C,3,0,C,3,0,C,3,0,C,3,0,C,3,0,C,3,0,C,3,0,C,3,0,C,3,0,C,3,0,C,3,0,C,3,0,C,3,0,C,3,0,C,3,0,C,3,0,C,3,0,C,3,0,C,3,0,C,3,0,C,3,0,C,3,0,C,3,0,C,3,0,C,3,0,C,3,0,C,3,0,C,3,0,C,3,0,C,3,0,C,3,0,C,3,0,C,3,0,C,3,0,C,3,0,C,3,0
59,1799728640588238000.43,706268923812735424.83,194002435599026574.74,800.38,C,3,0,C,3,0,C,3,0,C,3,0,C,3,0,C,3,0,C,3,0,C,3,0,C,3,0,C,3,0,C,3,0,C,3,0,C,3,0,C,3,0,C,3,0,C,3,0,C,3,0,C,3,0,C,3,0,C,3,0,C,3,0,C,3,0,C,3,0,C,3,0,C,3,0,C,3,0,C,3,0,C,3,0,C,3,0,C,3,0,C,3,0,C,3,0,C,3,0,C,3,0,C,3,0,C,3,0
60,1745051477261683364.70,750947362334147525.20,204001160404169110.10,776.06,C,3,0,C,3,0,C,3,0,C,3,0,C,3,0,C,3,0,C,3,0,C,3,0,C,3,0,C,3,0,C,3,0,C,3,0,C,3,0,C,3,0,C,3,0,C,3,0,C,3,0,C,3,0,C,3,0,C,3,0,C,3,0,C,3,0,C,3,0,C,3,0,C,3,0,C,3,0,C,3,0,C,3,0,C,3,0,C,3,0,C,3,0,C,3,0,C,3,0,C,3,0,C,3,0,C,3,0
61,1688081516838216563.24,797580817782990942.98,214337665378792493.78,750.73,C,4,0,C,4,0,C,4,0,C,4,0,C,4,0,C,4,0,C,4,0,C,4,0,C,4,0,C,4,0,C,4,0,C,4,0,C,4,0,C,4,0,C,4,0,C,4,0,C,4,0,C,4,0,C,4,0,C,4,0,C,4,0,C,4,0,C,4,0,C,4,0,C,4,0,C,4,0,C,4,0,C,4,0,C,4,0,C,4,0,C,4,0,C,4,0,C,4,0,C,4,0,C,4,0,C,4,0
62,1628765821426782065.81,846216616809258605.69,225017561763959328.50,724.35,C,4,0,C,4,0,C,4,0,C,4,0,C,4,0,C,4,0,C,4,0,C,4,0,C,4,0,C,4,0,C,4,0,C,4,0,C,4,0,C,4,0,C,4,0,C,4,0,C,4,0,C,4,0,C,4,0,C,4,0,C,4,0,C,4,0,C,4,0,C,4,0,C,4,0,C,4,0,C,4,0,C,4,0,C,4,0,C,4,0,C,4,0,C,4,0,C,4,0,C,4,0,C,4,0,C,4,0
63,1567051290628048782.52,896902248571218958.74,236046460800732258.74,696.90,C,4,0,C,4,0,C,4,0,C,4,0,C,4,0,C,4,0,C,4,0,C,4,0,C,4,0,C,4,0,C,4,0,C,4,0,C,4,0,C,4,0,C,4,0,C,4,0,C,4,0,C,4,0,C,4,0,C,4,0,C,4,0,C,4,0,C,4,0,C,4,0,C,4,0,C,4,0,C,4,0,C,4,0,C,4,0,C,4,0,C,4,0,C,4,0,C,4,0,C,4,0,C,4,0,C,4,0
64,1502884668359757674.74,949685357910068366.04,247429973730173959.22,668.37,C,4,0,C,4,0,C,4,0,C,4,0,C,4,0,C,4,0,C,4,0,C,4,0,C,4,0,C,4,0,C,4,0,C,4,0,C,4,0,C,4,0,C,4,0,C,4,0,C,4,0,C,4,0,C,4,0,C,4,0,C,4,0,C,4,0,C,4,0,C,4,0,C,4,0,C,4,0,C,4,0,C,4,0,C,4,0,C,4,0,C,4,0,C,4,0,C,4,0,C,4,0,C,4,0,C,4,0
65,1436212549395404766.19,1004613738811248162.27,259173711793347071.54,638.72,C,4,0,C,4,0,C,4,0,C,4,0,C,4,0,C,4,0,C,4,0,C,4,0,C,4,0,C,4,0,C,4,0,C,4,0,C,4,0,C,4,0,C,4,0,C,4,0,C,4,0,C,4,0,C,4,0,C,4,0,C,4,0,C,4,0,C,4,0,C,4,0,C,4,0,C,4,0,C,4,0,C,4,0,C,4,0,C,4,0,C,4,0,C,4,0,C,4,0,C,4,0,C,4,0,C,4,0
66,1366981385628299452.58,1061735328140386347.56,271283286231314199.86,607.93,C,4,0,C,4,0,C,4,0,C,4,0,C,4,0,C,4,0,C,4,0,C,4,0,C,4,0,C,4,0,C,4,0,C,4,0,C,4,0,C,4,0,C,4,0,C,4,0,C,4,0,C,4,0,C,4,0,C,4,0,C,4,0,C,4,0,C,4,0,C,4,0,C,4,0,C,4,0,C,4,0,C,4,0,C,4,0,C,4,0,C,4,0,C,4,0,C,4,0,C,4,0,C,4,0,C,4,0
67,1295137492072532213.87,1121098199642329725.47,283764308285138060.66,575.98,C,4,0,C,4,0,C,4,0,C,4,0,C,4,0,C,4,0,C,4,0,C,4,0,C,4,0,C,4,0,C,4,0,C,4,0,C,4,0,C,4,0,C,4,0,C,4,0,C,4,0,C,4,0,C,4,0,C,4,0,C,4,0,C,4,0,C,4,0,C,4,0,C,4,0,C,4,0,C,4,0,C,4,0,C,4,0,C,4,0,C,4,0,C,4,0,C,4,0,C,4,0,C,4,0,C,4,0
68,1220627052611901977.82,1182750558192216801.52,296622389195881220.66,542.84,C,4,0,C,4,0,C,4,0,C,4,0,C,4,0,C,4,0,C,4,0,C,4,0,C,4,0,C,4,0,C,4,0,C,4,0,C,4,0,C,4,0,C,4,0,C,4,0,C,4,0,C,4,0,C,4,0,C,4,0,C,4,0,C,4,0,C,4,0,C,4,0,C,4,0,C,4,0,C,4,0,C,4,0,C,4,0,C,4,0,C,4,0,C,4,0,C,4,0,C,4,0,C,4,0,C,4,0
69,1143396125507388291.44,1246740734288005388.25,309863140204606320.31,508.49,C,4,0,C,4,0,C,4,0,C,4,0,C,4,0,C,4,0,C,4,0,C,4,0,C,4,0,C,4,0,C,4,0,C,4,0,C,4,0,C,4,0,C,4,0,C,4,0,C,4,0,C,4,0,C,4,0,C,4,0,C,4,0,C,4,0,C,4,0,C,4,0,C,4,0,C,4,0,C,4,0,C,4,0,C,4,0,C,4,0,C,4,0,C,4,0,C,4,0,C,4,0,C,4,0,C,4,0
70,1063390648673309674.83,1313117178774314285.37,323492172552376039.80,472.91,C,4,0,C,4,0,C,4,0,C,4,0,C,4,0,C,4,0,C,4,0,C,4,0,C,4,0,C,4,0,C,4,0,C,4,0,C,4,0,C,4,0,C,4,0,C,4,0,C,4,0,C,4,0,C,4,0,C,4,0,C,4,0,C,4,0,C,4,0,C,4,0,C,4,0,C,4,0,C,4,0,C,4,0,C,4,0,C,4,0,C,4,0,C,4,0,C,4,0,C,4,0,C,4,0,C,4,0
71,980556444731883248.11,1381928457787863590.05,337515097480253161.84,436.08,C,4,0,C,4,0,C,4,0,C,4,0,C,4,0,C,4,0,C,4,0,C,4,0,C,4,0,C,4,0,C,4,0,C,4,0,C,4,0,C,4,0,C,4,0,C,4,0,C,4,0,C,4,0,C,4,0,C,4,0,C,4,0,C,4,0,C,4,0,C,4,0,C,4,0,C,4,0,C,4,0,C,4,0,C,4,0,C,4,0,C,4,0,C,4,0,C,4,0,C,4,0,C,4,0,C,4,0
72,894839225855493647.67,1453223247915206348.57,351937526229300003.76,397.95,C,4,0,C,4,0,C,4,0,C,4,0,C,4,0,C,4,0,C,4,0,C,4,0,C,4,0,C,4,0,C,4,0,C,4,0,C,4,0,C,4,0,C,4,0,C,4,0,C,4,0,C,4,0,C,4,0,C,4,0,C,4,0,C,4,0,C,4,0,C,4,0,C,4,0,C,4,0,C,4,0,C,4,0,C,4,0,C,4,0,C,4,0,C,4,0,C,4,0,C,4,0,C,4,0,C,4,0
73,806184598405585089.43,1527050331553835451.13,366765070040579459.44,358.53,C,4,0,C,4,0,C,4,0,C,4,0,C,4,0,C,4,0,C,4,0,C,4,0,C,4,0,C,4,0,C,4,0,C,4,0,C,4,0,C,4,0,C,4,0,C,4,0,C,4,0,C,4,0,C,4,0,C,4,0,C,4,0,C,4,0,C,4,0,C,4,0,C,4,0,C,4,0,C,4,0,C,4,0,C,4,0,C,4,0,C,4,0,C,4,0,C,4,0,C,4,0,C,4,0,C,4,0
74,714538067376721359.27,1603458592468124434.24,382003340155154206.48,317.77,C,4,0,C,4,0,C,4,0,C,4,0,C,4,0,C,4,0,C,4,0,C,4,0,C,4,0,C,4,0,C,4,0,C,4,0,C,4,0,C,4,0,C,4,0,C,4,0,C,4,0,C,4,0,C,4,0,C,4,0,C,4,0,C,4,0,C,4,0,C,4,0,C,4,0,C,4,0,C,4,0,C,4,0,C,4,0,C,4,0,C,4,0,C,4,0,C,4,0,C,4,0,C,4,0,C,4,0
75,619845040653994994.44,1682497011531918300.51,397657947814086705.04,275.66,C,4,0,C,4,0,C,4,0,C,4,0,C,4,0,C,4,0,C,4,0,C,4,0,C,4,0,C,4,0,C,4,0,C,4,0,C,4,0,C,4,0,C,4,0,C,4,0,C,4,0,C,4,0,C,4,0,C,4,0,C,4,0,C,4,0,C,4,0,C,4,0,C,4,0,C,4,0,C,4,0,C,4,0,C,4,0,C,4,0,C,4,0,C,4,0,C,4,0,C,4,0,C,4,0,C,4,0
76,527362425114706155.85,1760300706897719372.35,412336867987574471.80,234.53,C,4,0,C,4,0,C,4,0,C,4,0,C,4,0,C,4,0,C,6,1,C,4,0,C,4,0,C,4,0.0001,C,4,0,C,4,0,C,4,0.0001,C,4,0,C,4,0,C,4,0,C,4,0,C,4,0,C,4,0,C,4,0,C,4,0,C,4,0,C,4,0,C,4,0,C,4,0,C,4,0,C,4,0.0001,C,4,0,C,4,0,C,4,0,C,4,0.0001,C,4,0,C,4,0,C,4,0,C,4,0,C,4,0
77,525585059098929235.51,1771598834990917781.91,402816105910152982.58,233.74,C,6,1,C,6,1,C,4,0,C,6,1,C,4,0,C,4,0.0001,C,6,2,C,4,0.0001,C,4,0,C,6,1.0001,C,6,1,C,4,0,C,6,1.0001,C,6,1,C,4,0,C,6,1,C,6,1,C,4,0,C,6,1,C,4,0.0001,C,4,0.0001,C,4,0,C,4,0.0001,C,4,0.0001,C,4,0,C,4,0,C,6,1.0001,C,6,1,C,6,1,C,6,1,C,6,1.0001,C,4,0,C,6,1,C,4,0,C,4,0.0001,C,6,1
78,526637315805182426.64,1781349999169931373.12,392012685024886200.24,234.21,C,6,2,C,6,2,C,4,0,C,6,2,C,4,0,C,4,0.0002,C,6,3,C,4,0.0002,C,4,0,C,6,2.0000999999999998,C,6,2,C,4,0,C,6,2.0000999999999998,C,6,1.0001,C,4,0,C,6,1.0001,C,6,2,C,4,0,C,6,2,C,6,1.0001,C,4,0.0002,C,4,0,C,4,0.0002,C,4,0.0002,C,4,0,C,4,0,C,6,2.0000999999999998,C,6,2,C,6,2,C,6,1.0001,C,6,2.0000999999999998,C,4,0,C,6,2,C,4,0,C,4,0.0002,C,6,2
79,530780259618786450.36,1789355211099917718.73,379864529281295830.91,236.05,C,6,2.0001,C,6,2.0001,C,4,0,C,6,2.0001,C,4,0,C,4,0.00030000000000000003,C,6,3.0001,C,6,1.0002,C,4,0,C,6,2.0002,C,6,2.0001,C,4,0,C,6,2.0002,C,6,1.0002,C,4,0,C,6,2.0000999999999998,C,6,2.0001,C,4,0,C,6,3,C,6,2.0000999999999998,C,4,0.00030000000000000003,C,4,0,C,4,0.00030000000000000003,C,4,0.00030000000000000003,C,4,0,C,4,0,C,6,2.0002,C,6,3,C,6,3,C,6,2.0000999999999998,C,6,3.0000999999999998,C,4,0.0001,C,6,2.0001,C,4,0,C,4,0.00030000000000000003,C,6,3
80,532101670118811923.69,1799983718903008007.59,367914610978180068.72,236.64,C,6,2.0002000000000004,C,6,2.0002000000000004,C,4,0,C,6,2.0002000000000004,C,4,0,C,4,0.0004,C,6,3.0002000000000004,C,6,1.0003,C,4,0,C,6,2.0003,C,6,2.0002000000000004,C,4,0,C,6,2.0003,C,6,1.0003,C,4,0,C,6,2.0002,C,6,2.0002000000000004,C,4,0,C,6,4,C,6,3.0000999999999998,C,4,0.0004,C,4,0,C,4,0.0004,C,4,0.0004,C,4,0,C,4,0,C,6,2.0003,C,6,4,C,6,4,C,6,3.0000999999999998,C,6,3.0002,C,4,0,C,6,2.0002000000000004,C,4,0,C,4,0.0004,C,6,4
81,530633063726372443.38,1813201292947807598.08,356165643325819958.54,235.98,C,6,2.0003000000000006,C,6,2.0003000000000006,C,4,0,C,6,2.0003000000000006,C,4,0,C,4,0.0005,C,6,3.0003000000000006,C,6,2.0003,C,4,0,C,6,2.0004000000000004,C,6,2.0003000000000006,C,4,0,C,6,3.0003,C,6,1.0004,C,4,0,C,6,3.0002,C,6,3.0002000000000004,C,4,0,C,6,5,C,6,4.0001,C,4,0.0005,C,4,0,C,4,0.0005,C,4,0.0005,C,4,0,C,4,0,C,6,3.0003,C,6,5,C,6,5,C,6,4.0001,C,6,4.0001999999999995,C,4,0,C,6,2.0003000000000006,C,4,0,C,4,0.0005,C,6,5
82,533048433028823712.61,1824048626821821021.35,342902940149355266.05,237.06,C,6,2.000400000000001,C,6,2.000400000000001,C,4,0,C,6,2.000400000000001,C,4,0,C,6,1.0005,C,6,3.000400000000001,C,6,2.0004000000000004,C,4,0,C,6,2.0005000000000006,C,6,2.000400000000001,C,4,0,C,6,3.0004000000000004,C,6,1.0005,C,4,0,C,6,3.0003,C,6,3.0003000000000006,C,4,0,C,6,6,C,6,5.0001,C,4,0.0006000000000000001,C,4,0,C,4,0.0006000000000000001,C,4,0.0006000000000000001,C,4,0,C,4,0,C,6,3.0004000000000004,C,6,6,C,6,6,C,6,5.0001,C,6,4.000299999999999,C,4,0.0001,C,6,2.000400000000001,C,4,0,C,4,0.0006000000000000001,C,6,6
83,532734337755409802.65,1837431626893630490.56,329834035350959706.78,236.92,C,6,2.000500000000001,C,6,2.000500000000001,C,4,0,C,6,2.000500000000001,C,4,0,C,6,2.0004999999999997,C,6,3.000500000000001,C,6,2.0005000000000006,C,4,0,C,6,2.000600000000001,C,6,2.000500000000001,C,4,0,C,6,4.000400000000001,C,6,1.0006,C,4,0,C,6,4.0003,C,6,3.000400000000001,C,4,0,C,6,7,C,6,6.0001,C,4,0.0007000000000000001,C,4,0,C,4,0.0007000000000000001,C,4,0.0007000000000000001,C,4,0,C,4,0,C,6,3.0005000000000006,C,6,7,C,6,7,C,6,6.0001,C,6,5.000299999999999,C,4,0.0002,C,6,2.000500000000001,C,4,0,C,4,0.0007000000000000001,C,6,7
84,536855109316635284.91,1848017308155313997.56,315127582528050717.53,238.75,C,6,2.0006000000000013,C,6,2.0006000000000013,C,4,0,C,6,2.0006000000000013,C,4,0,C,6,3.0004999999999997,C,6,3.0006000000000013,C,6,2.000600000000001,C,4,0,C,6,2.000700000000001,C,6,2.0006000000000013,C,4,0,C,6,4.000500000000001,C,6,1.0007,C,4,0,C,6,4.0004,C,6,3.000500000000001,C,4,0,C,6,7.0001,C,6,7.0001,C,4,0.0008000000000000001,C,4,0,C,6,1.0007,C,4,0.0008000000000000001,C,4,0,C,4,0,C,6,3.000600000000001,C,6,7.0001,C,6,7.0001,C,6,6.0001999999999995,C,6,5.000399999999999,C,4,0.00030000000000000003,C,6,2.0006000000000013,C,4,0,C,4,0.0008000000000000001,C,6,7.0001
85,538302871894282044.59,1861089979904052055.67,300607148201665899.74,239.40,C,6,2.0007000000000015,C,6,2.0007000000000015,C,4,0,C,6,2.0007000000000015,C,4,0,C,6,3.0006,C,6,3.0007000000000015,C,6,2.000700000000001,C,4,0,C,6,2.0008000000000012,C,6,2.0007000000000015,C,4,0,C,6,4.0006,C,6,1.0008,C,4,0,C,6,4.0005,C,6,3.0006000000000013,C,4,0,C,6,7.0001999999999995,C,6,7.0001999999999995,C,4,0.0009000000000000002,C,4,0,C,6,2.0007,C,4,0.0009000000000000002,C,4,0,C,4,0,C,6,3.000700000000001,C,6,7.0001999999999995,C,6,7.0001999999999995,C,6,6.000299999999999,C,6,5.000499999999999,C,4,0.0004,C,6,2.0007000000000015,C,4,0,C,4,0.0009000000000000002,C,6,7.0001999999999995
86,537108411357637746.69,1876616454969004868.16,286275133673357385.15,238.86,C,6,2.0008000000000017,C,6,2.0008000000000017,C,4,0,C,6,2.0008000000000017,C,4,0,C,6,4.0006,C,6,3.0008000000000017,C,6,2.0008000000000012,C,4,0,C,6,2.0009000000000015,C,6,2.0008000000000017,C,4,0,C,6,4.0007,C,6,1.0009,C,4,0,C,6,4.0005999999999995,C,6,3.0007000000000015,C,4,0,C,6,7.000299999999999,C,6,8.0002,C,4,0.0010000000000000002,C,4,0,C,6,3.0007,C,4,0.0010000000000000002,C,4,0,C,4,0,C,6,3.0008000000000012,C,6,7.000299999999999,C,6,7.000299999999999,C,6,6.000399999999999,C,6,5.000599999999999,C,4,0.0005,C,6,2.0008000000000017,C,4,0,C,4,0.0010000000000000002,C,6,8.0002
87,533056260862194337.61,1894442929096253427.52,272500810041552234.87,237.06,C,6,2.000900000000002,C,6,2.000900000000002,C,4,0,C,6,2.000900000000002,C,4,0,C,6,5.0006,C,6,2.0008000000000017,C,6,3.0008000000000012,C,4,0.0001,C,6,3.0009000000000015,C,6,2.000900000000002,C,4,0,C,6,5.0007,C,6,1.001,C,4,0,C,6,5.0005999999999995,C,6,3.0008000000000017,C,4,0,C,6,8.0003,C,6,9.0002,C,4,0.0011000000000000003,C,4,0,C,6,4.0007,C,4,0.0011000000000000003,C,4,0,C,4,0,C,6,4.000800000000002,C,6,8.0003,C,6,8.0003,C,6,7.000399999999999,C,6,6.000599999999999,C,4,0.0006000000000000001,C,6,2.000900000000002,C,4,0,C,4,0.0011000000000000003,C,6,9.0002
88,529935061084665977.31,1906174342749422175.48,263890596165911847.21,235.67,C,6,1.0009,C,2,0.010000000000000002,C,4,0,C,6,1.0009,C,4,0,C,6,6.0006,C,6,3.0008000000000017,C,6,4.000800000000002,C,4,0.0002,C,6,2.0008,C,6,1.0009,C,4,0,O,0,0,C,2,0.010000000000000002,C,4,0,C,6,3.001600000000001,C,6,1.0009,C,4,0,C,6,7.000299999999999,C,6,10.0002,C,6,1.0011,C,4,0,C,6,5.0007,C,4,0.0012000000000000003,C,4,0,C,4,0,C,6,2.0008,C,6,6.001299999999999,C,6,7.000299999999999,C,6,4.001500000000001,C,6,4.0006,C,4,0.0007000000000000001,C,6,1.0009,C,4,0,C,4,0.0012000000000000003,C,6,6.000299999999999
89,533936754554129656.95,1904171952400270581.61,261891293045599761.43,237.45,C,6,2.0008999999999997,C,6,1.01,C,4,0,C,6,2.0008999999999997,C,4,0,C,6,7.0006,O,0,0,C,6,5.000800000000002,C,4,0.00030000000000000003,C,6,2.0009,C,6,2.0008999999999997,C,4,0,O,0,0,C,6,1.01,C,4,0.0001,C,6,4.001600000000002,C,6,2.0008999999999997,C,4,0,C,6,8.0003,C,6,8.0002,C,6,2.0011,C,4,0,C,6,6.0007,C,6,1.0012,C,4,0,C,4,0,C,6,2.0009,C,6,7.001299999999999,C,6,8.0003,C,6,5.001500000000001,C,6,4.0007,C,4,0.0008000000000000001,C,6,2.0008999999999997,C,4,0,C,6,1.0012,C,6,7.000299999999999
90,534422660819477850.95,1904487850330876463.84,261089488849645685.22,237.67,O,0,0,C,6,1.0101,C,4,0,C,6,1,C,4,0,C,6,8.0006,O,0,0,C,6,3.0016,C,4,0.0004,C,1,0.001,C,6,1,C,4,0,O,0,0,C,6,1.0101,C,4,0.0002,C,6,5.001600000000002,C,6,1,C,4,0,C,6,1,C,6,9.0002,C,6,3.0011,C,4,0,C,6,7.0007,C,6,2.0012,C,4,0,C,4,0,C,1,0.001,C,6,8.001299999999999,C,1,0,C,6,6.001500000000001,C,1,0.001,C,4,0.0009000000000000002,C,1,0,C,4,0,C,6,1.0013,C,6,8.0003
91,531687465389972774.97,1907213210721362845.77,261099323888664379.27,236.45,O,0,0,C,6,2.0101,C,5,0,C,6,2,C,5,0,C,6,9.0006,O,0,0,C,6,4.0016,C,5,0.0005,C,6,1.001,C,6,2,C,5,0,O,0,0,C,6,2.0101,C,5,0.00030000000000000003,C,6,2,C,6,2,C,5,0,C,6,2,C,6,1,C,6,4.0011,C,5,0,C,6,8.0007,C,6,3.0012,C,5,0,C,5,0,C,6,1.001,C,6,2,C,6,1,O,0,0,C,6,1.001,C,5,0.0010000000000000002,C,6,1,C,5,0,C,6,2.0013,O,0,0
92,535542435219268098.81,1905544797301021464.11,258912767479710437.08,238.17,O,0,0,C,6,2.0102,C,5,0.01,C,6,2.0001,C,5,0.01,C,6,9.0007,O,0,0,C,6,4.0017,C,5,0.0106,C,6,1.0010999999999999,C,6,2.0001,C,5,0.01,O,0,0,C,6,2.0102,C,5,0.0104,C,6,2.0001,C,6,2.0001,C,5,0.01,C,6,2.0001,C,6,1.0001,C,6,5.0011,C,5,0.0101,C,6,9.0007,C,6,4.0012,C,5,0.01,C,5,0.01,C,6,1.0010999999999999,C,6,2.0001,C,6,1.0001,O,0,0,C,6,1.0010999999999999,C,6,1.011,C,6,1.0001,C,5,0.01,C,6,2.0014000000000003,O,0,0
93,536384130814979778.70,1906302391662094999.67,257313477522925221.63,238.54,O,0,0,C,6,2.0103000000000004,C,5,0,C,6,2.0002000000000004,C,5,0,C,6,8.0002,O,0,0,O,0,0,C,5,0.0207,C,6,1.0011999999999999,C,6,2.0002000000000004,C,5,0,O,0,0,C,6,2.0103000000000004,C,5,0.020499999999999997,C,6,2.0002000000000004,C,6,2.0002000000000004,C,5,0,C,6,2.0002000000000004,C,6,1.0002,C,6,6.0011,C,5,0,C,6,9.0008,C,6,5.0012,C,5,0,C,5,0,C,6,1.0011999999999999,C,6,2.0002000000000004,C,6,1.0002,O,0,0,C,6,1.0011999999999999,C,6,2.011,C,6,1.0002,C,5,0,C,6,2.0015000000000005,O,0,0
94,534083844416207950.92,1909340356379506512.14,256575799204285536.94,237.52,O,0,0,C,6,3.0103000000000004,C,5,0.01,C,6,3.0002000000000004,C,5,0.01,C,6,9.0002,O,0,0,O,0,0,C,5,0.0308,C,6,1.0012999999999999,C,6,3.0002000000000004,C,5,0.01,O,0,0,C,6,3.0103000000000004,C,5,0.030599999999999995,C,6,3.0002000000000004,C,6,3.0002000000000004,C,5,0.01,C,6,3.0002000000000004,C,6,2.0002,C,6,7.0011,C,5,0.01,C,6,10.0008,C,6,6.0012,C,5,0.01,C,5,0.01,C,6,1.0012999999999999,C,6,3.0002000000000004,C,6,2.0002,O,0,0,C,6,1.0012999999999999,C,6,3.011,C,6,2.0002,C,5,0.01,C,6,3.0015000000000005,O,0,0
95,539076351614120899.28,1907008234157060173.13,253915414228818927.59,239.74,O,0,0,C,6,3.0104000000000006,C,5,0,C,6,3.0003000000000006,C,5,0,O,0,0,O,0,0,O,0,0,C,6,1.0408,C,6,1.0013999999999998,C,6,3.0003000000000006,C,5,0,O,0,0,C,6,3.0104000000000006,C,5,0.04069999999999999,C,6,3.0003000000000006,C,6,3.0003000000000006,C,5,0,C,6,3.0003000000000006,C,6,2.0003,C,6,7.0012,C,5,0.0201,C,6,7.001199999999999,C,6,6.0013,C,5,0,C,5,0,C,6,1.0013999999999998,C,6,3.0003000000000006,C,6,2.0003,O,0,0,C,6,1.0013999999999998,C,6,3.0111000000000003,C,6,2.0003,C,5,0,C,6,3.0016000000000007,O,0,0
96,540936715954430053.15,1906904137667196105.18,252159146378373841.66,240.57,O,0,0,C,6,3.010500000000001,C,5,0.01,C,6,3.000400000000001,C,5,0.01,O,0,0,O,0,0,O,0,0,C,6,1.0409,C,6,1.0014999999999998,C,6,3.000400000000001,C,5,0.01,O,0,0,C,6,3.010500000000001,C,5,0.05079999999999999,C,6,3.000400000000001,C,6,3.000400000000001,C,5,0.01,C,6,3.000400000000001,C,6,2.0004000000000004,C,6,7.0013,C,5,0.030199999999999998,C,6,7.001299999999999,C,6,6.001399999999999,C,5,0.01,C,5,0.01,C,6,1.0014999999999998,C,6,3.000400000000001,C,6,2.0004000000000004,O,0,0,C,6,1.0014999999999998,C,6,3.0112000000000005,C,6,2.0004000000000004,C,5,0.01,C,6,3.001700000000001,O,0,0
97,540241041037699538.11,1909243040660204682.46,250515918302095779.42,240.26,O,0,0,C,6,3.010600000000001,C,5,0,C,6,3.000500000000001,C,5,0,O,0,0,O,0,0,O,0,0,C,6,1.041,C,6,1.0015999999999998,C,6,3.000500000000001,C,5,0,O,0,0,C,6,3.010600000000001,C,5,0.06089999999999999,C,6,3.000500000000001,C,6,3.000500000000001,C,5,0,C,6,3.000500000000001,C,6,2.0005000000000006,C,6,7.001399999999999,C,5,0.040299999999999996,C,6,7.0013999999999985,C,6,6.001499999999999,C,5,0,C,5,0,C,6,1.0015999999999998,C,6,3.000500000000001,C,6,2.0005000000000006,O,0,0,C,6,1.0015999999999998,C,6,3.0113000000000008,C,6,2.0005000000000006,C,5,0,C,6,3.001800000000001,O,0,0
98,537048318233107459.54,1913965653505217662.11,248986028261674878.36,238.84,O,0,0,C,6,3.0107000000000013,C,5,0.01,C,6,3.0006000000000013,C,5,0.01,O,0,0,O,0,0,O,0,0,C,6,2.041,C,6,1.0016999999999998,C,6,3.0006000000000013,C,5,0.01,O,0,0,C,6,3.0107000000000013,C,5,0.071,C,6,3.0006000000000013,C,6,3.0006000000000013,C,5,0.01,C,6,3.0006000000000013,C,6,2.000600000000001,C,6,7.001499999999999,C,5,0.05039999999999999,O,0,0,C,6,6.001599999999999,C,5,0.01,C,5,0.01,C,6,1.0016999999999998,C,6,3.0006000000000013,C,6,2.000600000000001,O,0,0,C,6,1.0016999999999998,C,6,4.0113,C,6,2.000600000000001,C,5,0.01,C,6,3.0019000000000013,O,0,0
99,531034856150054742.10,1920823564276958511.40,248141579572986746.50,236.16,O,0,0,C,6,4.010700000000002,C,5,0,C,6,4.000600000000001,C,5,0,O,0,0,O,0,0,O,0,0,C,6,3.041,C,6,2.0016999999999996,C,6,4.000600000000001,C,5,0,O,0,0,C,6,4.010700000000002,C,5,0.08109999999999999,C,6,4.000600000000001,C,6,4.000600000000001,C,5,0,C,6,4.000600000000001,C,6,3.000600000000001,C,6,5.000499999999999,C,5,0.06049999999999999,O,0,0,C,6,7.001599999999999,C,5,0,C,5,0,C,6,2.0016999999999996,C,6,4.000600000000001,C,6,3.000600000000001,O,0,0,C,6,2.0016999999999996,C,6,5.0113,C,6,3.000600000000001,C,5,0,C,6,4.001900000000001,O,0,0
100,532960297132203485.03,1920376875232174007.22,246662827635622507.75,237.02,O,0,0,C,6,3.0016000000000007,C,5,0.0101,C,6,5.000600000000001,C,5,0.01,O,0,0,O,0,0,O,0,0,C,6,4.041,C,6,3.0016999999999996,C,6,5.000600000000001,C,5,0.01,O,0,0,C,6,3.0016000000000007,C,6,1.0911,C,6,5.000600000000001,C,6,5.000600000000001,C,5,0.01,C,6,5.000600000000001,C,6,4.0006,C,6,6.000499999999999,C,5,0.0706,O,0,0,C,6,6.000399999999999,C,5,0.01,C,5,0.01,C,6,3.0016999999999996,C,6,5.000600000000001,C,6,4.0006,O,0,0,C,6,3.0016999999999996,C,6,6.0113,C,6,4.0006,C,5,0.01,O,0,0,O,0,0
101,555574205454071057.03,1903224369000399016.46,241201425545529926.51,247.08,O,0,0,C,6,3.001700000000001,C,6,1.0202,O,0,0,C,6,0,O,0,0,O,0,0,O,0,0,C,6,5.0411,C,6,3.0018,O,0,0,C,6,0,O,0,0,C,6,3.001700000000001,C,6,2.0911999999999997,O,0,0,O,0,0,C,6,0,O,0,0,C,6,4.0007,O,0,0,C,6,1.0807,O,0,0,C,6,6.000499999999999,C,6,0,C,6,0,C,6,3.0018,O,0,0,C,6,4.0007,O,0,0,C,6,3.0018,C,6,7.0114,C,6,4.0007,C,6,0,O,0,0,O,0,0
102,651536097027112626.68,1831373306485616527.01,217090596487270846.31,289.75,O,0,0,C,6,4.803230000000002,C,6,1.03838,O,0,0,C,6,1,O,0,0,O,0,0,O,0,0,C,6,8.678090000000001,O,0,0,O,0,0,C,6,1,O,0,0,C,6,4.803230000000002,C,6,3.0732799999999996,O,0,0,O,0,0,C,6,1,O,0,0,O,0,0,O,0,0,C,6,1.15333,O,0,0,O,0,0,C,6,1,C,6,1,O,0,0,O,0,0,O,0,0,O,0,0,O,0,0,C,6,12.42166,O,0,0,C,6,1,O,0,0,O,0,0
103,744045415791568409.12,1762320644697330276.78,193633939511101314.10,330.89,O,0,0,O,0,0,C,6,1.0729220000000002,O,0,0,C,6,1,O,0,0,O,0,0,O,0,0,C,6,15.588371000000002,O,0,0,O,0,0,C,6,1,O,0,0,O,0,0,C,6,4.939231999999999,O,0,0,O,0,0,C,6,1,O,0,0,O,0,0,O,0,0,C,6,1.291327,O,0,0,O,0,0,C,6,1,C,6,1,O,0,0,O,0,0,O,0,0,O,0,0,O,0,0,O,0,0,O,0,0,C,6,1,O,0,0,O,0,0
104,832961686558185352.77,1695818701731719910.17,171219611710094737.06,370.44,O,0,0,O,0,0,C,6,1.1385518000000003,O,0,0,C,6,1,O,0,0,O,0,0,O,0,0,C,6,28.717904900000004,O,0,0,O,0,0,C,6,1,O,0,0,O,0,0,C,6,8.484540799999998,O,0,0,O,0,0,C,6,1,O,0,0,O,0,0,O,0,0,C,6,1.5535212999999999,O,0,0,O,0,0,C,6,1,C,6,1,O,0,0,O,0,0,O,0,0,O,0,0,O,0,0,O,0,0,O,0,0,C,6,1,O,0,0,O,0,0
105,919084875720246661.03,1632109840370665178.95,148805283909088160.02,408.74,O,0,0,O,0,0,C,6,1.2632484200000007,O,0,0,C,6,1,O,0,0,O,0,0,O,0,0,C,6,53.66401931000001,O,0,0,O,0,0,C,6,1,O,0,0,O,0,0,C,6,15.220627519999997,O,0,0,O,0,0,C,6,1,O,0,0,O,0,0,O,0,0,C,6,2.0516904699999996,O,0,0,O,0,0,C,6,1,C,6,1,O,0,0,O,0,0,O,0,0,O,0,0,O,0,0,O,0,0,O,0,0,C,6,1,O,0,0,O,0,0
106,1002053783510223678.62,1570835372921306605.48,127110843568469715.89,445.64,O,0,0,O,0,0,C,6,1.5001719980000012,O,0,0,C,6,1,O,0,0,O,0,0,O,0,0,O,0,0,O,0,0,O,0,0,C,6,1,O,0,0,O,0,0,C,6,28.019192287999996,O,0,0,O,0,0,C,6,1,O,0,0,O,0,0,O,0,0,C,6,2.9982118929999992,O,0,0,O,0,0,C,6,1,C,6,1,O,0,0,O,0,0,O,0,0,O,0,0,O,0,0,O,0,0,O,0,0,C,6,1,O,0,0,O,0,0
107,1081686719799518364.56,1511749827374602273.46,106563452825879361.97,481.05,O,0,0,O,0,0,C,6,1.9503267962000024,O,0,0,C,6,1,O,0,0,O,0,0,O,0,0,O,0,0,O,0,0,O,0,0,C,6,1,O,0,0,O,0,0,C,6,52.33646534719999,O,0,0,O,0,0,C,6,1,O,0,0,O,0,0,O,0,0,C,6,4.796602596699999,O,0,0,O,0,0,C,6,1,C,6,1,O,0,0,O,0,0,O,0,0,O,0,0,O,0,0,O,0,0,O,0,0,C,6,1,O,0,0,O,0,0
108,1158838063175851468.56,1455145874740859523.38,86016062083289008.05,515.36,O,0,0,O,0,0,C,6,2.8056209127800047,O,0,0,C,6,1,O,0,0,O,0,0,O,0,0,O,0,0,O,0,0,O,0,0,C,6,1,O,0,0,O,0,0,C,6,98.53928415967998,O,0,0,O,0,0,C,6,1,O,0,0,O,0,0,O,0,0,C,6,8.213544933729999,O,0,0,O,0,0,C,6,1,C,6,1,O,0,0,O,0,0,O,0,0,O,0,0,O,0,0,O,0,0,O,0,0,C,6,1,O,0,0,O,0,0
109,1233612040541567377.05,1400919288117733968.81,65468671340698654.13,548.61,O,0,0,O,0,0,C,6,4.430679734282009,O,0,0,C,6,1,O,0,0,O,0,0,O,0,0,O,0,0,O,0,0,O,0,0,C,6,1,O,0,0,O,0,0,C,6,186.32463990339198,O,0,0,O,0,0,C,6,1,O,0,0,O,0,0,O,0,0,C,6,14.705735374086998,O,0,0,O,0,0,C,6,1,C,6,1,O,0,0,O,0,0,O,0,0,O,0,0,O,0,0,O,0,0,O,0,0,C,6,1,O,0,0,O,0,0
110,1306108501269112012.26,1348970218132779687.53,44921280598108300.21,580.86,O,0,0,O,0,0,C,6,7.518291495135817,O,0,0,C,6,1,O,0,0,O,0,0,O,0,0,O,0,0,O,0,0,O,0,0,C,6,1,O,0,0,O,0,0,C,6,353.1168158164448,O,0,0,O,0,0,C,6,1,O,0,0,O,0,0,O,0,0,C,6,27.040897210765298,O,0,0,O,0,0,C,6,1,C,6,1,O,0,0,O,0,0,O,0,0,O,0,0,O,0,0,O,0,0,O,0,0,C,6,1,O,0,0,O,0,0
111,1375869885682740373.43,1298923946178985257.63,25206168138274368.93,611.88,O,0,0,O,0,0,C,6,13.384753840758053,O,0,0,C,6,1,O,0,0,O,0,0,O,0,0,O,0,0,O,0,0,O,0,0,C,6,1,O,0,0,O,0,0,O,0,0,O,0,0,O,0,0,C,6,1,O,0,0,O,0,0,O,0,0,C,6,50.47770470045407,O,0,0,O,0,0,C,6,1,C,6,1,O,0,0,O,0,0,O,0,0,O,0,0,O,0,0,O,0,0,O,0,0,C,6,1,O,0,0,O,0,0
112,1441499325900127072.70,1249955607929206980.84,8545066170665946.45,641.07,O,0,0,O,0,0,O,0,0,O,0,0,C,6,1,O,0,0,O,0,0,O,0,0,O,0,0,O,0,0,O,0,0,C,6,1,O,0,0,O,0,0,O,0,0,O,0,0,O,0,0,C,6,1,O,0,0,O,0,0,O,0,0,O,0,0,O,0,0,O,0,0,C,6,1,C,6,1,O,0,0,O,0,0,O,0,0,O,0,0,O,0,0,O,0,0,O,0,0,C,6,1,O,0,0,O,0,0
113,1499677366916795448.24,1200322633083204593.31,-41.55,666.94,O,0,0,O,0,0,O,0,0,O,0,0,O,0,0,O,0,0,O,0,0,O,0,0,O,0,0,O,0,0,O,0,0,O,0,0,O,0,0,O,0,0,O,0,0,O,0,0,O,0,0,O,0,0,O,0,0,O,0,0,O,0,0,O,0,0,O,0,0,O,0,0,O,0,0,O,0,0,O,0,0,O,0,0,O,0,0,O,0,0,O,0,0,O,0,0,O,0,0,O,0,0,O,0,0,O,0,0
114,1550090917506290041.16,1149909082493710000.39,-41.55,689.36,O,0,0,O,0,0,O,0,0,O,0,0,O,0,0,O,0,0,O,0,0,O,0,0,O,0,0,O,0,0,O,0,0,O,0,0,O,0,0,O,0,0,O,0,0,O,0,0,O,0,0,O,0,0,O,0,0,O,0,0,O,0,0,O,0,0,O,0,0,O,0,0,O,0,0,O,0,0,O,0,0,O,0,0,O,0,0,O,0,0,O,0,0,O,0,0,O,0,0,O,0,0,O,0,0,O,0,0
115,1598387098971025861.17,1101612901028974180.37,-41.55,710.84,O,0,0,O,0,0,O,0,0,O,0,0,O,0,0,O,0,0,O,0,0,O,0,0,O,0,0,O,0,0,O,0,0,O,0,0,O,0,0,O,0,0,O,0,0,O,0,0,O,0,0,O,0,0,O,0,0,O,0,0,O,0,0,O,0,0,O,0,0,O,0,0,O,0,0,O,0,0,O,0,0,O,0,0,O,0,0,O,0,0,O,0,0,O,0,0,O,0,0,O,0,0,O,0,0,O,0,0
116,1644654840814242776.75,1055345159185757264.80,-41.55,731.41,O,0,0,O,0,0,O,0,0,O,0,0,O,0,0,O,0,0,O,0,0,O,0,0,O,0,0,O,0,0,O,0,0,O,0,0,O,0,0,O,0,0,O,0,0,O,0,0,O,0,0,O,0,0,O,0,0,O,0,0,O,0,0,O,0,0,O,0,0,O,0,0,O,0,0,O,0,0,O,0,0,O,0,0,O,0,0,O,0,0,O,0,0,O,0,0,O,0,0,O,0,0,O,0,0,O,0,0
117,1688979337500044581.87,1011020662499955459.68,-41.55,751.13,O,0,0,O,0,0,O,0,0,O,0,0,O,0,0,O,0,0,O,0,0,O,0,0,O,0,0,O,0,0,O,0,0,O,0,0,O,0,0,O,0,0,O,0,0,O,0,0,O,0,0,O,0,0,O,0,0,O,0,0,O,0,0,O,0,0,O,0,0,O,0,0,O,0,0,O,0,0,O,0,0,O,0,0,O,0,0,O,0,0,O,0,0,O,0,0,O,0,0,O,0,0,O,0,0,O,0,0
118,1731442205325042711.18,968557794674957330.37,-41.55,770.01,O,0,0,O,0,0,O,0,0,O,0,0,O,0,0,O,0,0,O,0,0,O,0,0,O,0,0,O,0,0,O,0,0,O,0,0,O,0,0,O,0,0,O,0,0,O,0,0,O,0,0,O,0,0,O,0,0,O,0,0,O,0,0,O,0,0,O,0,0,O,0,0,O,0,0,O,0,0,O,0,0,O,0,0,O,0,0,O,0,0,O,0,0,O,0,0,O,0,0,O,0,0,O,0,0,O,0,0
119,1772121632701390919.05,927878367298609122.49,-41.55,788.10,O,0,0,O,0,0,O,0,0,O,0,0,O,0,0,O,0,0,O,0,0,O,0,0,O,0,0,O,0,0,O,0,0,O,0,0,O,0,0,O,0,0,O,0,0,O,0,0,O,0,0,O,0,0,O,0,0,O,0,0,O,0,0,O,0,0,O,0,0,O,0,0,O,0,0,O,0,0,O,0,0,O,0,0,O,0,0,O,0,0,O,0,0,O,0,0,O,0,0,O,0,0,O,0,0,O,0,0
120,1811092524127932502.20,888907475872067539.35,-41.55,805.43,O,0,0,O,0,0,O,0,0,O,0,0,O,0,0,O,0,0,O,0,0,O,0,0,O,0,0,O,0,0,O,0,0,O,0,0,O,0,0,O,0,0,O,0,0,O,0,0,O,0,0,O,0,0,O,0,0,O,0,0,O,0,0,O,0,0,O,0,0,O,0,0,O,0,0,O,0,0,O,0,0,O,0,0,O,0,0,O,0,0,O,0,0,O,0,0,O,0,0,O,0,0,O,0,0,O,0,0
121,1848426638114559338.85,851573361885440702.70,-41.55,822.04,O,0,0,O,0,0,O,0,0,O,0,0,O,0,0,O,0,0,O,0,0,O,0,0,O,0,0,O,0,0,O,0,0,O,0,0,O,0,0,O,0,0,O,0,0,O,0,0,O,0,0,O,0,0,O,0,0,O,0,0,O,0,0,O,0,0,O,0,0,O,0,0,O,0,0,O,0,0,O,0,0,O,0,0,O,0,0,O,0,0,O,0,0,O,0,0,O,0,0,O,0,0,O,0,0,O,0,0
122,1884192719313747848.36,815807280686252193.18,-41.55,837.94,O,0,0,O,0,0,O,0,0,O,0,0,O,0,0,O,0,0,O,0,0,O,0,0,O,0,0,O,0,0,O,0,0,O,0,0,O,0,0,O,0,0,O,0,0,O,0,0,O,0,0,O,0,0,O,0,0,O,0,0,O,0,0,O,0,0,O,0,0,O,0,0,O,0,0,O,0,0,O,0,0,O,0,0,O,0,0,O,0,0,O,0,0,O,0,0,O,0,0,O,0,0,O,0,0,O,0,0
123,1918456625102570440.48,781543374897429601.07,-41.55,853.18,O,0,0,O,0,0,O,0,0,O,0,0,O,0,0,O,0,0,O,0,0,O,0,0,O,0,0,O,0,0,O,0,0,O,0,0,O,0,0,O,0,0,O,0,0,O,0,0,O,0,0,O,0,0,O,0,0,O,0,0,O,0,0,O,0,0,O,0,0,O,0,0,O,0,0,O,0,0,O,0,0,O,0,0,O,0,0,O,0,0,O,0,0,O,0,0,O,0,0,O,0,0,O,0,0,O,0,0
124,1951281446848262483.72,748718553151737557.82,-41.55,867.78,O,0,0,O,0,0,O,0,0,O,0,0,O,0,0,O,0,0,O,0,0,O,0,0,O,0,0,O,0,0,O,0,0,O,0,0,O,0,0,O,0,0,O,0,0,O,0,0,O,0,0,O,0,0,O,0,0,O,0,0,O,0,0,O,0,0,O,0,0,O,0,0,O,0,0,O,0,0,O,0,0,O,0,0,O,0,0,O,0,0,O,0,0,O,0,0,O,0,0,O,0,0,O,0,0,O,0,0
125,1982727626080635461.15,717272373919364580.40,-41.55,881.76,O,0,0,O,0,0,O,0,0,O,0,0,O,0,0,O,0,0,O,0,0,O,0,0,O,0,0,O,0,0,O,0,0,O,0,0,O,0,0,O,0,0,O,0,0,O,0,0,O,0,0,O,0,0,O,0,0,O,0,0,O,0,0,O,0,0,O,0,0,O,0,0,O,0,0,O,0,0,O,0,0,O,0,0,O,0,0,O,0,0,O,0,0,O,0,0,O,0,0,O,0,0,O,0,0,O,0,0
126,2012853065785248773.53,687146934214751268.02,-41.55,895.16,O,0,0,O,0,0,O,0,0,O,0,0,O,0,0,O,0,0,O,0,0,O,0,0,O,0,0,O,0,0,O,0,0,O,0,0,O,0,0,O,0,0,O,0,0,O,0,0,O,0,0,O,0,0,O,0,0,O,0,0,O,0,0,O,0,0,O,0,0,O,0,0,O,0,0,O,0,0,O,0,0,O,0,0,O,0,0,O,0,0,O,0,0,O,0,0,O,0,0,O,0,0,O,0,0,O,0,0
127,2041713237022268326.78,658286762977731714.76,-41.55,908.00,O,0,0,O,0,0,O,0,0,O,0,0,O,0,0,O,0,0,O,0,0,O,0,0,O,0,0,O,0,0,O,0,0,O,0,0,O,0,0,O,0,0,O,0,0,O,0,0,O,0,0,O,0,0,O,0,0,O,0,0,O,0,0,O,0,0,O,0,0,O,0,0,O,0,0,O,0,0,O,0,0,O,0,0,O,0,0,O,0,0,O,0,0,O,0,0,O,0,0,O,0,0,O,0,0,O,0,0
128,2069361281067333058.80,630638718932666982.74,-41.55,920.29,O,0,0,O,0,0,O,0,0,O,0,0,O,0,0,O,0,0,O,0,0,O,0,0,O,0,0,O,0,0,O,0,0,O,0,0,O,0,0,O,0,0,O,0,0,O,0,0,O,0,0,O,0,0,O,0,0,O,0,0,O,0,0,O,0,0,O,0,0,O,0,0,O,0,0,O,0,0,O,0,0,O,0,0,O,0,0,O,0,0,O,0,0,O,0,0,O,0,0,O,0,0,O,0,0,O,0,0
129,2095848107262505072.08,604151892737494969.47,-41.55,932.07,O,0,0,O,0,0,O,0,0,O,0,0,O,0,0,O,0,0,O,0,0,O,0,0,O,0,0,O,0,0,O,0,0,O,0,0,O,0,0,O,0,0,O,0,0,O,0,0,O,0,0,O,0,0,O,0,0,O,0,0,O,0,0,O,0,0,O,0,0,O,0,0,O,0,0,O,0,0,O,0,0,O,0,0,O,0,0,O,0,0,O,0,0,O,0,0,O,0,0,O,0,0,O,0,0,O,0,0
130,2121222486757479860.80,578777513242520180.75,-41.55,943.35,O,0,0,O,0,0,O,0,0,O,0,0,O,0,0,O,0,0,O,0,0,O,0,0,O,0,0,O,0,0,O,0,0,O,0,0,O,0,0,O,0,0,O,0,0,O,0,0,O,0,0,O,0,0,O,0,0,O,0,0,O,0,0,O,0,0,O,0,0,O,0,0,O,0,0,O,0,0,O,0,0,O,0,0,O,0,0,O,0,0,O,0,0,O,0,0,O,0,0,O,0,0,O,0,0,O,0,0
131,2145531142313665708.39,554468857686334333.16,-41.55,954.17,O,0,0,O,0,0,O,0,0,O,0,0,O,0,0,O,0,0,O,0,0,O,0,0,O,0,0,O,0,0,O,0,0,O,0,0,O,0,0,O,0,0,O,0,0,O,0,0,O,0,0,O,0,0,O,0,0,O,0,0,O,0,0,O,0,0,O,0,0,O,0,0,O,0,0,O,0,0,O,0,0,O,0,0,O,0,0,O,0,0,O,0,0,O,0,0,O,0,0,O,0,0,O,0,0,O,0,0
132,2168818834336491750.38,531181165663508291.17,-41.55,964.52,O,0,0,O,0,0,O,0,0,O,0,0,O,0,0,O,0,0,O,0,0,O,0,0,O,0,0,O,0,0,O,0,0,O,0,0,O,0,0,O,0,0,O,0,0,O,0,0,O,0,0,O,0,0,O,0,0,O,0,0,O,0,0,O,0,0,O,0,0,O,0,0,O,0,0,O,0,0,O,0,0,O,0,0,O,0,0,O,0,0,O,0,0,O,0,0,O,0,0,O,0,0,O,0,0,O,0,0
133,2191128443294359098.61,508871556705640942.94,-41.55,974.44,O,0,0,O,0,0,O,0,0,O,0,0,O,0,0,O,0,0,O,0,0,O,0,0,O,0,0,O,0,0,O,0,0,O,0,0,O,0,0,O,0,0,O,0,0,O,0,0,O,0,0,O,0,0,O,0,0,O,0,0,O,0,0,O,0,0,O,0,0,O,0,0,O,0,0,O,0,0,O,0,0,O,0,0,O,0,0,O,0,0,O,0,0,O,0,0,O,0,0,O,0,0,O,0,0,O,0,0
134,2212501048675996018.21,487498951324004023.33,-41.55,983.95,O,0,0,O,0,0,O,0,0,O,0,0,O,0,0,O,0,0,O,0,0,O,0,0,O,0,0,O,0,0,O,0,0,O,0,0,O,0,0,O,0,0,O,0,0,O,0,0,O,0,0,O,0,0,O,0,0,O,0,0,O,0,0,O,0,0,O,0,0,O,0,0,O,0,0,O,0,0,O,0,0,O,0,0,O,0,0,O,0,0,O,0,0,O,0,0,O,0,0,O,0,0,O,0,0,O,0,0
135,2232976004631604187.19,467023995368395854.35,-41.55,993.05,O,0,0,O,0,0,O,0,0,O,0,0,O,0,0,O,0,0,O,0,0,O,0,0,O,0,0,O,0,0,O,0,0,O,0,0,O,0,0,O,0,0,O,0,0,O,0,0,O,0,0,O,0,0,O,0,0,O,0,0,O,0,0,O,0,0,O,0,0,O,0,0,O,0,0,O,0,0,O,0,0,O,0,0,O,0,0,O,0,0,O,0,0,O,0,0,O,0,0,O,0,0,O,0,0,O,0,0
136,2252591012437076813.07,447408987562923228.47,-41.55,1001.78,O,0,0,O,0,0,O,0,0,O,0,0,O,0,0,O,0,0,O,0,0,O,0,0,O,0,0,O,0,0,O,0,0,O,0,0,O,0,0,O,0,0,O,0,0,O,0,0,O,0,0,O,0,0,O,0,0,O,0,0,O,0,0,O,0,0,O,0,0,O,0,0,O,0,0,O,0,0,O,0,0,O,0,0,O,0,0,O,0,0,O,0,0,O,0,0,O,0,0,O,0,0,O,0,0,O,0,0
137,2271382189914719588.67,428617810085280452.87,-41.55,1010.13,O,0,0,O,0,0,O,0,0,O,0,0,O,0,0,O,0,0,O,0,0,O,0,0,O,0,0,O,0,0,O,0,0,O,0,0,O,0,0,O,0,0,O,0,0,O,0,0,O,0,0,O,0,0,O,0,0,O,0,0,O,0,0,O,0,0,O,0,0,O,0,0,O,0,0,O,0,0,O,0,0,O,0,0,O,0,0,O,0,0,O,0,0,O,0,0,O,0,0,O,0,0,O,0,0,O,0,0
138,2289384137938301367.69,410615862061698673.85,-41.55,1018.14,O,0,0,O,0,0,O,0,0,O,0,0,O,0,0,O,0,0,O,0,0,O,0,0,O,0,0,O,0,0,O,0,0,O,0,0,O,0,0,O,0,0,O,0,0,O,0,0,O,0,0,O,0,0,O,0,0,O,0,0,O,0,0,O,0,0,O,0,0,O,0,0,O,0,0,O,0,0,O,0,0,O,0,0,O,0,0,O,0,0,O,0,0,O,0,0,O,0,0,O,0,0,O,0,0,O,0,0
139,2306630004144892711.99,393369995855107329.55,-41.55,1025.81,O,0,0,O,0,0,O,0,0,O,0,0,O,0,0,O,0,0,O,0,0,O,0,0,O,0,0,O,0,0,O,0,0,O,0,0,O,0,0,O,0,0,O,0,0,O,0,0,O,0,0,O,0,0,O,0,0,O,0,0,O,0,0,O,0,0,O,0,0,O,0,0,O,0,0,O,0,0,O,0,0,O,0,0,O,0,0,O,0,0,O,0,0,O,0,0,O,0,0,O,0,0,O,0,0,O,0,0
140,2323151543970807219.83,376848456029192821.71,-41.55,1033.16,O,0,0,O,0,0,O,0,0,O,0,0,O,0,0,O,0,0,O,0,0,O,0,0,O,0,0,O,0,0,O,0,0,O,0,0,O,0,0,O,0,0,O,0,0,O,0,0,O,0,0,O,0,0,O,0,0,O,0,0,O,0,0,O,0,0,O,0,0,O,0,0,O,0,0,O,0,0,O,0,0,O,0,0,O,0,0,O,0,0,O,0,0,O,0,0,O,0,0,O,0,0,O,0,0,O,0,0
141,2338979179124033318.35,361020820875966723.20,-41.55,1040.20,O,0,0,O,0,0,O,0,0,O,0,0,O,0,0,O,0,0,O,0,0,O,0,0,O,0,0,O,0,0,O,0,0,O,0,0,O,0,0,O,0,0,O,0,0,O,0,0,O,0,0,O,0,0,O,0,0,O,0,0,O,0,0,O,0,0,O,0,0,O,0,0,O,0,0,O,0,0,O,0,0,O,0,0,O,0,0,O,0,0,O,0,0,O,0,0,O,0,0,O,0,0,O,0,0,O,0,0
142,2354142053600823920.72,345857946399176120.82,-41.55,1046.94,O,0,0,O,0,0,O,0,0,O,0,0,O,0,0,O,0,0,O,0,0,O,0,0,O,0,0,O,0,0,O,0,0,O,0,0,O,0,0,O,0,0,O,0,0,O,0,0,O,0,0,O,0,0,O,0,0,O,0,0,O,0,0,O,0,0,O,0,0,O,0,0,O,0,0,O,0,0,O,0,0,O,0,0,O,0,0,O,0,0,O,0,0,O,0,0,O,0,0,O,0,0,O,0,0,O,0,0
143,2368668087349589317.80,331331912650410723.75,-41.55,1053.40,O,0,0,O,0,0,O,0,0,O,0,0,O,0,0,O,0,0,O,0,0,O,0,0,O,0,0,O,0,0,O,0,0,O,0,0,O,0,0,O,0,0,O,0,0,O,0,0,O,0,0,O,0,0,O,0,0,O,0,0,O,0,0,O,0,0,O,0,0,O,0,0,O,0,0,O,0,0,O,0,0,O,0,0,O,0,0,O,0,0,O,0,0,O,0,0,O,0,0,O,0,0,O,0,0,O,0,0
144,2382584027680906568.19,317415972319093473.35,-41.55,1059.59,O,0,0,O,0,0,O,0,0,O,0,0,O,0,0,O,0,0,O,0,0,O,0,0,O,0,0,O,0,0,O,0,0,O,0,0,O,0,0,O,0,0,O,0,0,O,0,0,O,0,0,O,0,0,O,0,0,O,0,0,O,0,0,O,0,0,O,0,0,O,0,0,O,0,0,O,0,0,O,0,0,O,0,0,O,0,0,O,0,0,O,0,0,O,0,0,O,0,0,O,0,0,O,0,0,O,0,0
145,2395915498518308494.07,304084501481691547.47,-41.55,1065.52,O,0,0,O,0,0,O,0,0,O,0,0,O,0,0,O,0,0,O,0,0,O,0,0,O,0,0,O,0,0,O,0,0,O,0,0,O,0,0,O,0,0,O,0,0,O,0,0,O,0,0,O,0,0,O,0,0,O,0,0,O,0,0,O,0,0,O,0,0,O,0,0,O,0,0,O,0,0,O,0,0,O,0,0,O,0,0,O,0,0,O,0,0,O,0,0,O,0,0,O,0,0,O,0,0,O,0,0
146,2408687047580539539.07,291312952419460502.48,-41.55,1071.20,O,0,0,O,0,0,O,0,0,O,0,0,O,0,0,O,0,0,O,0,0,O,0,0,O,0,0,O,0,0,O,0,0,O,0,0,O,0,0,O,0,0,O,0,0,O,0,0,O,0,0,O,0,0,O,0,0,O,0,0,O,0,0,O,0,0,O,0,0,O,0,0,O,0,0,O,0,0,O,0,0,O,0,0,O,0,0,O,0,0,O,0,0,O,0,0,O,0,0,O,0,0,O,0,0,O,0,0
147,2420922191582156880.17,279077808417843161.37,-41.55,1076.64,O,0,0,O,0,0,O,0,0,O,0,0,O,0,0,O,0,0,O,0,0,O,0,0,O,0,0,O,0,0,O,0,0,O,0,0,O,0,0,O,0,0,O,0,0,O,0,0,O,0,0,O,0,0,O,0,0,O,0,0,O,0,0,O,0,0,O,0,0,O,0,0,O,0,0,O,0,0,O,0,0,O,0,0,O,0,0,O,0,0,O,0,0,O,0,0,O,0,0,O,0,0,O,0,0,O,0,0
148,2432643459535706292.95,267356540464293748.60,-41.55,1081.85,O,0,0,O,0,0,O,0,0,O,0,0,O,0,0,O,0,0,O,0,0,O,0,0,O,0,0,O,0,0,O,0,0,O,0,0,O,0,0,O,0,0,O,0,0,O,0,0,O,0,0,O,0,0,O,0,0,O,0,0,O,0,0,O,0,0,O,0,0,O,0,0,O,0,0,O,0,0,O,0,0,O,0,0,O,0,0,O,0,0,O,0,0,O,0,0,O,0,0,O,0,0,O,0,0,O,0,0
149,2443872434235206630.39,256127565764793411.16,-41.55,1086.84,O,0,0,O,0,0,O,0,0,O,0,0,O,0,0,O,0,0,O,0,0,O,0,0,O,0,0,O,0,0,O,0,0,O,0,0,O,0,0,O,0,0,O,0,0,O,0,0,O,0,0,O,0,0,O,0,0,O,0,0,O,0,0,O,0,0,O,0,0,O,0,0,O,0,0,O,0,0,O,0,0,O,0,0,O,0,0,O,0,0,O,0,0,O,0,0,O,0,0,O,0,0,O,0,0,O,0,0
150,2454629791997327953.66,245370208002672087.89,-41.55,1091.63,O,0,0,O,0,0,O,0,0,O,0,0,O,0,0,O,0,0,O,0,0,O,0,0,O,0,0,O,0,0,O,0,0,O,0,0,O,0,0,O,0,0,O,0,0,O,0,0,O,0,0,O,0,0,O,0,0,O,0,0,O,0,0,O,0,0,O,0,0,O,0,0,O,0,0,O,0,0,O,0,0,O,0,0,O,0,0,O,0,0,O,0,0,O,0,0,O,0,0,O,0,0,O,0,0,O,0,0
151,2464935340733440181.35,235064659266559860.20,-41.55,1096.21,O,0,0,O,0,0,O,0,0,O,0,0,O,0,0,O,0,0,O,0,0,O,0,0,O,0,0,O,0,0,O,0,0,O,0,0,O,0,0,O,0,0,O,0,0,O,0,0,O,0,0,O,0,0,O,0,0,O,0,0,O,0,0,O,0,0,O,0,0,O,0,0,O,0,0,O,0,0,O,0,0,O,0,0,O,0,0,O,0,0,O,0,0,O,0,0,O,0,0,O,0,0,O,0,0,O,0,0
152,2474808056422635695.48,225191943577364346.07,-41.55,1100.60,O,0,0,O,0,0,O,0,0,O,0,0,O,0,0,O,0,0,O,0,0,O,0,0,O,0,0,O,0,0,O,0,0,O,0,0,O,0,0,O,0,0,O,0,0,O,0,0,O,0,0,O,0,0,O,0,0,O,0,0,O,0,0,O,0,0,O,0,0,O,0,0,O,0,0,O,0,0,O,0,0,O,0,0,O,0,0,O,0,0,O,0,0,O,0,0,O,0,0,O,0,0,O,0,0,O,0,0
153,2484266118052884998.01,215733881947115043.53,-41.55,1104.81,O,0,0,O,0,0,O,0,0,O,0,0,O,0,0,O,0,0,O,0,0,O,0,0,O,0,0,O,0,0,O,0,0,O,0,0,O,0,0,O,0,0,O,0,0,O,0,0,O,0,0,O,0,0,O,0,0,O,0,0,O,0,0,O,0,0,O,0,0,O,0,0,O,0,0,O,0,0,O,0,0,O,0,0,O,0,0,O,0,0,O,0,0,O,0,0,O,0,0,O,0,0,O,0,0,O,0,0
154,2493326941094663829.84,206673058905336211.70,-41.55,1108.84,O,0,0,O,0,0,O,0,0,O,0,0,O,0,0,O,0,0,O,0,0,O,0,0,O,0,0,O,0,0,O,0,0,O,0,0,O,0,0,O,0,0,O,0,0,O,0,0,O,0,0,O,0,0,O,0,0,O,0,0,O,0,0,O,0,0,O,0,0,O,0,0,O,0,0,O,0,0,O,0,0,O,0,0,O,0,0,O,0,0,O,0,0,O,0,0,O,0,0,O,0,0,O,0,0,O,0,0
155,2502007209568687950.73,197992790431312090.81,-41.55,1112.70,O,0,0,O,0,0,O,0,0,O,0,0,O,0,0,O,0,0,O,0,0,O,0,0,O,0,0,O,0,0,O,0,0,O,0,0,O,0,0,O,0,0,O,0,0,O,0,0,O,0,0,O,0,0,O,0,0,O,0,0,O,0,0,O,0,0,O,0,0,O,0,0,O,0,0,O,0,0,O,0,0,O,0,0,O,0,0,O,0,0,O,0,0,O,0,0,O,0,0,O,0,0,O,0,0,O,0,0
156,2510322906766803058.55,189677093233196983.00,-41.55,1116.40,O,0,0,O,0,0,O,0,0,O,0,0,O,0,0,O,0,0,O,0,0,O,0,0,O,0,0,O,0,0,O,0,0,O,0,0,O,0,0,O,0,0,O,0,0,O,0,0,O,0,0,O,0,0,O,0,0,O,0,0,O,0,0,O,0,0,O,0,0,O,0,0,O,0,0,O,0,0,O,0,0,O,0,0,O,0,0,O,0,0,O,0,0,O,0,0,O,0,0,O,0,0,O,0,0,O,0,0
157,2518289344682597331.83,181710655317402709.71,-41.55,1119.94,O,0,0,O,0,0,O,0,0,O,0,0,O,0,0,O,0,0,O,0,0,O,0,0,O,0,0,O,0,0,O,0,0,O,0,0,O,0,0,O,0,0,O,0,0,O,0,0,O,0,0,O,0,0,O,0,0,O,0,0,O,0,0,O,0,0,O,0,0,O,0,0,O,0,0,O,0,0,O,0,0,O,0,0,O,0,0,O,0,0,O,0,0,O,0,0,O,0,0,O,0,0,O,0,0,O,0,0
158,2525921192205928245.64,174078807794071795.90,-41.55,1123.33,O,0,0,O,0,0,O,0,0,O,0,0,O,0,0,O,0,0,O,0,0,O,0,0,O,0,0,O,0,0,O,0,0,O,0,0,O,0,0,O,0,0,O,0,0,O,0,0,O,0,0,O,0,0,O,0,0,O,0,0,O,0,0,O,0,0,O,0,0,O,0,0,O,0,0,O,0,0,O,0,0,O,0,0,O,0,0,O,0,0,O,0,0,O,0,0,O,0,0,O,0,0,O,0,0,O,0,0
159,2533232502133279261.07,166767497866720780.48,-41.55,1126.58,O,0,0,O,0,0,O,0,0,O,0,0,O,0,0,O,0,0,O,0,0,O,0,0,O,0,0,O,0,0,O,0,0,O,0,0,O,0,0,O,0,0,O,0,0,O,0,0,O,0,0,O,0,0,O,0,0,O,0,0,O,0,0,O,0,0,O,0,0,O,0,0,O,0,0,O,0,0,O,0,0,O,0,0,O,0,0,O,0,0,O,0,0,O,0,0,O,0,0,O,0,0,O,0,0,O,0,0
160,2540236737043681533.85,159763262956318507.70,-41.55,1129.70,O,0,0,O,0,0,O,0,0,O,0,0,O,0,0,O,0,0,O,0,0,O,0,0,O,0,0,O,0,0,O,0,0,O,0,0,O,0,0,O,0,0,O,0,0,O,0,0,O,0,0,O,0,0,O,0,0,O,0,0,O,0,0,O,0,0,O,0,0,O,0,0,O,0,0,O,0,0,O,0,0,O,0,0,O,0,0,O,0,0,O,0,0,O,0,0,O,0,0,O,0,0,O,0,0,O,0,0
161,2546946794087846911.17,153053205912153130.37,-41.55,1132.68,O,0,0,O,0,0,O,0,0,O,0,0,O,0,0,O,0,0,O,0,0,O,0,0,O,0,0,O,0,0,O,0,0,O,0,0,O,0,0,O,0,0,O,0,0,O,0,0,O,0,0,O,0,0,O,0,0,O,0,0,O,0,0,O,0,0,O,0,0,O,0,0,O,0,0,O,0,0,O,0,0,O,0,0,O,0,0,O,0,0,O,0,0,O,0,0,O,0,0,O,0,0,O,0,0,O,0,0
162,2553375028736157342.65,146624971263842698.90,-41.55,1135.54,O,0,0,O,0,0,O,0,0,O,0,0,O,0,0,O,0,0,O,0,0,O,0,0,O,0,0,O,0,0,O,0,0,O,0,0,O,0,0,O,0,0,O,0,0,O,0,0,O,0,0,O,0,0,O,0,0,O,0,0,O,0,0,O,0,0,O,0,0,O,0,0,O,0,0,O,0,0,O,0,0,O,0,0,O,0,0,O,0,0,O,0,0,O,0,0,O,0,0,O,0,0,O,0,0,O,0,0
163,2559533277529238736.00,140466722470761305.54,-41.55,1138.28,O,0,0,O,0,0,O,0,0,O,0,0,O,0,0,O,0,0,O,0,0,O,0,0,O,0,0,O,0,0,O,0,0,O,0,0,O,0,0,O,0,0,O,0,0,O,0,0,O,0,0,O,0,0,O,0,0,O,0,0,O,0,0,O,0,0,O,0,0,O,0,0,O,0,0,O,0,0,O,0,0,O,0,0,O,0,0,O,0,0,O,0,0,O,0,0,O,0,0,O,0,0,O,0,0,O,0,0
164,2565432879873010710.83,134567120126989330.71,-41.55,1140.91,O,0,0,O,0,0,O,0,0,O,0,0,O,0,0,O,0,0,O,0,0,O,0,0,O,0,0,O,0,0,O,0,0,O,0,0,O,0,0,O,0,0,O,0,0,O,0,0,O,0,0,O,0,0,O,0,0,O,0,0,O,0,0,O,0,0,O,0,0,O,0,0,O,0,0,O,0,0,O,0,0,O,0,0,O,0,0,O,0,0,O,0,0,O,0,0,O,0,0,O,0,0,O,0,0,O,0,0
165,2571084698918344262.72,128915301081655778.82,-41.55,1143.42,O,0,0,O,0,0,O,0,0,O,0,0,O,0,0,O,0,0,O,0,0,O,0,0,O,0,0,O,0,0,O,0,0,O,0,0,O,0,0,O,0,0,O,0,0,O,0,0,O,0,0,O,0,0,O,0,0,O,0,0,O,0,0,O,0,0,O,0,0,O,0,0,O,0,0,O,0,0,O,0,0,O,0,0,O,0,0,O,0,0,O,0,0,O,0,0,O,0,0,O,0,0,O,0,0,O,0,0
166,2576499141563773805.43,123500858436226236.11,-41.55,1145.83,O,0,0,O,0,0,O,0,0,O,0,0,O,0,0,O,0,0,O,0,0,O,0,0,O,0,0,O,0,0,O,0,0,O,0,0,O,0,0,O,0,0,O,0,0,O,0,0,O,0,0,O,0,0,O,0,0,O,0,0,O,0,0,O,0,0,O,0,0,O,0,0,O,0,0,O,0,0,O,0,0,O,0,0,O,0,0,O,0,0,O,0,0,O,0,0,O,0,0,O,0,0,O,0,0,O,0,0
167,2581686177618095307.35,118313822381904734.19,-41.55,1148.13,O,0,0,O,0,0,O,0,0,O,0,0,O,0,0,O,0,0,O,0,0,O,0,0,O,0,0,O,0,0,O,0,0,O,0,0,O,0,0,O,0,0,O,0,0,O,0,0,O,0,0,O,0,0,O,0,0,O,0,0,O,0,0,O,0,0,O,0,0,O,0,0,O,0,0,O,0,0,O,0,0,O,0,0,O,0,0,O,0,0,O,0,0,O,0,0,O,0,0,O,0,0,O,0,0,O,0,0
168,2586655358158135306.19,113344641841864735.36,-41.55,1150.34,O,0,0,O,0,0,O,0,0,O,0,0,O,0,0,O,0,0,O,0,0,O,0,0,O,0,0,O,0,0,O,0,0,O,0,0,O,0,0,O,0,0,O,0,0,O,0,0,O,0,0,O,0,0,O,0,0,O,0,0,O,0,0,O,0,0,O,0,0,O,0,0,O,0,0,O,0,0,O,0,0,O,0,0,O,0,0,O,0,0,O,0,0,O,0,0,O,0,0,O,0,0,O,0,0,O,0,0
169,2591415833115493625.07,108584166884506416.47,-41.55,1152.46,O,0,0,O,0,0,O,0,0,O,0,0,O,0,0,O,0,0,O,0,0,O,0,0,O,0,0,O,0,0,O,0,0,O,0,0,O,0,0,O,0,0,O,0,0,O,0,0,O,0,0,O,0,0,O,0,0,O,0,0,O,0,0,O,0,0,O,0,0,O,0,0,O,0,0,O,0,0,O,0,0,O,0,0,O,0,0,O,0,0,O,0,0,O,0,0,O,0,0,O,0,0,O,0,0,O,0,0
170,2595976368124642894.56,104023631875357146.98,-41.55,1154.49,O,0,0,O,0,0,O,0,0,O,0,0,O,0,0,O,0,0,O,0,0,O,0,0,O,0,0,O,0,0,O,0,0,O,0,0,O,0,0,O,0,0,O,0,0,O,0,0,O,0,0,O,0,0,O,0,0,O,0,0,O,0,0,O,0,0,O,0,0,O,0,0,O,0,0,O,0,0,O,0,0,O,0,0,O,0,0,O,0,0,O,0,0,O,0,0,O,0,0,O,0,0,O,0,0,O,0,0
171,2600345360663407894.74,99654639336592146.81,-41.55,1156.43,O,0,0,O,0,0,O,0,0,O,0,0,O,0,0,O,0,0,O,0,0,O,0,0,O,0,0,O,0,0,O,0,0,O,0,0,O,0,0,O,0,0,O,0,0,O,0,0,O,0,0,O,0,0,O,0,0,O,0,0,O,0,0,O,0,0,O,0,0,O,0,0,O,0,0,O,0,0,O,0,0,O,0,0,O,0,0,O,0,0,O,0,0,O,0,0,O,0,0,O,0,0,O,0,0,O,0,0
172,2604530855515544764.90,95469144484455276.64,-41.55,1158.29,O,0,0,O,0,0,O,0,0,O,0,0,O,0,0,O,0,0,O,0,0,O,0,0,O,0,0,O,0,0,O,0,0,O,0,0,O,0,0,O,0,0,O,0,0,O,0,0,O,0,0,O,0,0,O,0,0,O,0,0,O,0,0,O,0,0,O,0,0,O,0,0,O,0,0,O,0,0,O,0,0,O,0,0,O,0,0,O,0,0,O,0,0,O,0,0,O,0,0,O,0,0,O,0,0,O,0,0
173,2608540559583891886.52,91459440416108155.02,-41.55,1160.08,O,0,0,O,0,0,O,0,0,O,0,0,O,0,0,O,0,0,O,0,0,O,0,0,O,0,0,O,0,0,O,0,0,O,0,0,O,0,0,O,0,0,O,0,0,O,0,0,O,0,0,O,0,0,O,0,0,O,0,0,O,0,0,O,0,0,O,0,0,O,0,0,O,0,0,O,0,0,O,0,0,O,0,0,O,0,0,O,0,0,O,0,0,O,0,0,O,0,0,O,0,0,O,0,0,O,0,0
174,2612381856081368429.03,87618143918631612.51,-41.55,1161.78,O,0,0,O,0,0,O,0,0,O,0,0,O,0,0,O,0,0,O,0,0,O,0,0,O,0,0,O,0,0,O,0,0,O,0,0,O,0,0,O,0,0,O,0,0,O,0,0,O,0,0,O,0,0,O,0,0,O,0,0,O,0,0,O,0,0,O,0,0,O,0,0,O,0,0,O,0,0,O,0,0,O,0,0,O,0,0,O,0,0,O,0,0,O,0,0,O,0,0,O,0,0,O,0,0,O,0,0
175,2616061818125950956.76,83938181874049084.79,-41.55,1163.42,O,0,0,O,0,0,O,0,0,O,0,0,O,0,0,O,0,0,O,0,0,O,0,0,O,0,0,O,0,0,O,0,0,O,0,0,O,0,0,O,0,0,O,0,0,O,0,0,O,0,0,O,0,0,O,0,0,O,0,0,O,0,0,O,0,0,O,0,0,O,0,0,O,0,0,O,0,0,O,0,0,O,0,0,O,0,0,O,0,0,O,0,0,O,0,0,O,0,0,O,0,0,O,0,0,O,0,0
176,2619587221764661018.32,80412778235339023.23,-41.55,1164.99,O,0,0,O,0,0,O,0,0,O,0,0,O,0,0,O,0,0,O,0,0,O,0,0,O,0,0,O,0,0,O,0,0,O,0,0,O,0,0,O,0,0,O,0,0,O,0,0,O,0,0,O,0,0,O,0,0,O,0,0,O,0,0,O,0,0,O,0,0,O,0,0,O,0,0,O,0,0,O,0,0,O,0,0,O,0,0,O,0,0,O,0,0,O,0,0,O,0,0,O,0,0,O,0,0,O,0,0
177,2622964558450545257.30,77035441549454784.25,-41.55,1166.49,O,0,0,O,0,0,O,0,0,O,0,0,O,0,0,O,0,0,O,0,0,O,0,0,O,0,0,O,0,0,O,0,0,O,0,0,O,0,0,O,0,0,O,0,0,O,0,0,O,0,0,O,0,0,O,0,0,O,0,0,O,0,0,O,0,0,O,0,0,O,0,0,O,0,0,O,0,0,O,0,0,O,0,0,O,0,0,O,0,0,O,0,0,O,0,0,O,0,0,O,0,0,O,0,0,O,0,0
178,2626200046995622358.23,73799953004377683.31,-41.55,1167.93,O,0,0,O,0,0,O,0,0,O,0,0,O,0,0,O,0,0,O,0,0,O,0,0,O,0,0,O,0,0,O,0,0,O,0,0,O,0,0,O,0,0,O,0,0,O,0,0,O,0,0,O,0,0,O,0,0,O,0,0,O,0,0,O,0,0,O,0,0,O,0,0,O,0,0,O,0,0,O,0,0,O,0,0,O,0,0,O,0,0,O,0,0,O,0,0,O,0,0,O,0,0,O,0,0,O,0,0
179,2629299645021806220.93,70700354978193820.61,-41.55,1169.31,O,0,0,O,0,0,O,0,0,O,0,0,O,0,0,O,0,0,O,0,0,O,0,0,O,0,0,O,0,0,O,0,0,O,0,0,O,0,0,O,0,0,O,0,0,O,0,0,O,0,0,O,0,0,O,0,0,O,0,0,O,0,0,O,0,0,O,0,0,O,0,0,O,0,0,O,0,0,O,0,0,O,0,0,O,0,0,O,0,0,O,0,0,O,0,0,O,0,0,O,0,0,O,0,0,O,0,0
180,2632269059930890361.40,67730940069109680.15,-41.55,1170.63,O,0,0,O,0,0,O,0,0,O,0,0,O,0,0,O,0,0,O,0,0,O,0,0,O,0,0,O,0,0,O,0,0,O,0,0,O,0,0,O,0,0,O,0,0,O,0,0,O,0,0,O,0,0,O,0,0,O,0,0,O,0,0,O,0,0,O,0,0,O,0,0,O,0,0,O,0,0,O,0,0,O,0,0,O,0,0,O,0,0,O,0,0,O,0,0,O,0,0,O,0,0,O,0,0,O,0,0
181,2635113759413792967.96,64886240586207073.58,-41.55,1171.89,O,0,0,O,0,0,O,0,0,O,0,0,O,0,0,O,0,0,O,0,0,O,0,0,O,0,0,O,0,0,O,0,0,O,0,0,O,0,0,O,0,0,O,0,0,O,0,0,O,0,0,O,0,0,O,0,0,O,0,0,O,0,0,O,0,0,O,0,0,O,0,0,O,0,0,O,0,0,O,0,0,O,0,0,O,0,0,O,0,0,O,0,0,O,0,0,O,0,0,O,0,0,O,0,0,O,0,0
182,2637838981518413665.06,62161018481586376.49,-41.55,1173.11,O,0,0,O,0,0,O,0,0,O,0,0,O,0,0,O,0,0,O,0,0,O,0,0,O,0,0,O,0,0,O,0,0,O,0,0,O,0,0,O,0,0,O,0,0,O,0,0,O,0,0,O,0,0,O,0,0,O,0,0,O,0,0,O,0,0,O,0,0,O,0,0,O,0,0,O,0,0,O,0,0,O,0,0,O,0,0,O,0,0,O,0,0,O,0,0,O,0,0,O,0,0,O,0,0,O,0,0
183,2640449744294640292.87,59550255705359748.68,-41.55,1174.27,O,0,0,O,0,0,O,0,0,O,0,0,O,0,0,O,0,0,O,0,0,O,0,0,O,0,0,O,0,0,O,0,0,O,0,0,O,0,0,O,0,0,O,0,0,O,0,0,O,0,0,O,0,0,O,0,0,O,0,0,O,0,0,O,0,0,O,0,0,O,0,0,O,0,0,O,0,0,O,0,0,O,0,0,O,0,0,O,0,0,O,0,0,O,0,0,O,0,0,O,0,0,O,0,0,O,0,0
184,2642950855034265402.31,57049144965734639.23,-41.55,1175.38,O,0,0,O,0,0,O,0,0,O,0,0,O,0,0,O,0,0,O,0,0,O,0,0,O,0,0,O,0,0,O,0,0,O,0,0,O,0,0,O,0,0,O,0,0,O,0,0,O,0,0,O,0,0,O,0,0,O,0,0,O,0,0,O,0,0,O,0,0,O,0,0,O,0,0,O,0,0,O,0,0,O,0,0,O,0,0,O,0,0,O,0,0,O,0,0,O,0,0,O,0,0,O,0,0,O,0,0
185,2645346919122826257.16,54653080877173784.39,-41.55,1176.44,O,0,0,O,0,0,O,0,0,O,0,0,O,0,0,O,0,0,O,0,0,O,0,0,O,0,0,O,0,0,O,0,0,O,0,0,O,0,0,O,0,0,O,0,0,O,0,0,O,0,0,O,0,0,O,0,0,O,0,0,O,0,0,O,0,0,O,0,0,O,0,0,O,0,0,O,0,0,O,0,0,O,0,0,O,0,0,O,0,0,O,0,0,O,0,0,O,0,0,O,0,0,O,0,0,O,0,0
186,2647642348519667556.10,52357651480332485.44,-41.55,1177.47,O,0,0,O,0,0,O,0,0,O,0,0,O,0,0,O,0,0,O,0,0,O,0,0,O,0,0,O,0,0,O,0,0,O,0,0,O,0,0,O,0,0,O,0,0,O,0,0,O,0,0,O,0,0,O,0,0,O,0,0,O,0,0,O,0,0,O,0,0,O,0,0,O,0,0,O,0,0,O,0,0,O,0,0,O,0,0,O,0,0,O,0,0,O,0,0,O,0,0,O,0,0,O,0,0,O,0,0
187,2649841369881841520.49,50158630118158521.05,-41.55,1178.44,O,0,0,O,0,0,O,0,0,O,0,0,O,0,0,O,0,0,O,0,0,O,0,0,O,0,0,O,0,0,O,0,0,O,0,0,O,0,0,O,0,0,O,0,0,O,0,0,O,0,0,O,0,0,O,0,0,O,0,0,O,0,0,O,0,0,O,0,0,O,0,0,O,0,0,O,0,0,O,0,0,O,0,0,O,0,0,O,0,0,O,0,0,O,0,0,O,0,0,O,0,0,O,0,0,O,0,0
188,2651948032346804178.38,48051967653195863.17,-41.55,1179.38,O,0,0,O,0,0,O,0,0,O,0,0,O,0,0,O,0,0,O,0,0,O,0,0,O,0,0,O,0,0,O,0,0,O,0,0,O,0,0,O,0,0,O,0,0,O,0,0,O,0,0,O,0,0,O,0,0,O,0,0,O,0,0,O,0,0,O,0,0,O,0,0,O,0,0,O,0,0,O,0,0,O,0,0,O,0,0,O,0,0,O,0,0,O,0,0,O,0,0,O,0,0,O,0,0,O,0,0
189,2653966214988238404.63,46033785011761636.92,-41.55,1180.28,O,0,0,O,0,0,O,0,0,O,0,0,O,0,0,O,0,0,O,0,0,O,0,0,O,0,0,O,0,0,O,0,0,O,0,0,O,0,0,O,0,0,O,0,0,O,0,0,O,0,0,O,0,0,O,0,0,O,0,0,O,0,0,O,0,0,O,0,0,O,0,0,O,0,0,O,0,0,O,0,0,O,0,0,O,0,0,O,0,0,O,0,0,O,0,0,O,0,0,O,0,0,O,0,0,O,0,0
190,2655899633958732393.38,44100366041267648.16,-41.55,1181.14,O,0,0,O,0,0,O,0,0,O,0,0,O,0,0,O,0,0,O,0,0,O,0,0,O,0,0,O,0,0,O,0,0,O,0,0,O,0,0,O,0,0,O,0,0,O,0,0,O,0,0,O,0,0,O,0,0,O,0,0,O,0,0,O,0,0,O,0,0,O,0,0,O,0,0,O,0,0,O,0,0,O,0,0,O,0,0,O,0,0,O,0,0,O,0,0,O,0,0,O,0,0,O,0,0,O,0,0
191,2657751849332465634.60,42248150667534406.94,-41.55,1181.96,O,0,0,O,0,0,O,0,0,O,0,0,O,0,0,O,0,0,O,0,0,O,0,0,O,0,0,O,0,0,O,0,0,O,0,0,O,0,0,O,0,0,O,0,0,O,0,0,O,0,0,O,0,0,O,0,0,O,0,0,O,0,0,O,0,0,O,0,0,O,0,0,O,0,0,O,0,0,O,0,0,O,0,0,O,0,0,O,0,0,O,0,0,O,0,0,O,0,0,O,0,0,O,0,0,O,0,0
192,2659526271660502079.70,40473728339497961.85,-41.55,1182.75,O,0,0,O,0,0,O,0,0,O,0,0,O,0,0,O,0,0,O,0,0,O,0,0,O,0,0,O,0,0,O,0,0,O,0,0,O,0,0,O,0,0,O,0,0,O,0,0,O,0,0,O,0,0,O,0,0,O,0,0,O,0,0,O,0,0,O,0,0,O,0,0,O,0,0,O,0,0,O,0,0,O,0,0,O,0,0,O,0,0,O,0,0,O,0,0,O,0,0,O,0,0,O,0,0,O,0,0
193,2661226168250760994.09,38773831749239047.45,-41.55,1183.51,O,0,0,O,0,0,O,0,0,O,0,0,O,0,0,O,0,0,O,0,0,O,0,0,O,0,0,O,0,0,O,0,0,O,0,0,O,0,0,O,0,0,O,0,0,O,0,0,O,0,0,O,0,0,O,0,0,O,0,0,O,0,0,O,0,0,O,0,0,O,0,0,O,0,0,O,0,0,O,0,0,O,0,0,O,0,0,O,0,0,O,0,0,O,0,0,O,0,0,O,0,0,O,0,0,O,0,0
194,2662854669184229034.09,37145330815771007.46,-41.55,1184.23,O,0,0,O,0,0,O,0,0,O,0,0,O,0,0,O,0,0,O,0,0,O,0,0,O,0,0,O,0,0,O,0,0,O,0,0,O,0,0,O,0,0,O,0,0,O,0,0,O,0,0,O,0,0,O,0,0,O,0,0,O,0,0,O,0,0,O,0,0,O,0,0,O,0,0,O,0,0,O,0,0,O,0,0,O,0,0,O,0,0,O,0,0,O,0,0,O,0,0,O,0,0,O,0,0,O,0,0
195,2664414773078491416.40,35585226921508625.15,-41.55,1184.92,O,0,0,O,0,0,O,0,0,O,0,0,O,0,0,O,0,0,O,0,0,O,0,0,O,0,0,O,0,0,O,0,0,O,0,0,O,0,0,O,0,0,O,0,0,O,0,0,O,0,0,O,0,0,O,0,0,O,0,0,O,0,0,O,0,0,O,0,0,O,0,0,O,0,0,O,0,0,O,0,0,O,0,0,O,0,0,O,0,0,O,0,0,O,0,0,O,0,0,O,0,0,O,0,0,O,0,0
196,2665909352609194778.66,34090647390805262.89,-41.55,1185.59,O,0,0,O,0,0,O,0,0,O,0,0,O,0,0,O,0,0,O,0,0,O,0,0,O,0,0,O,0,0,O,0,0,O,0,0,O,0,0,O,0,0,O,0,0,O,0,0,O,0,0,O,0,0,O,0,0,O,0,0,O,0,0,O,0,0,O,0,0,O,0,0,O,0,0,O,0,0,O,0,0,O,0,0,O,0,0,O,0,0,O,0,0,O,0,0,O,0,0,O,0,0,O,0,0,O,0,0
197,2667341159799608599.70,32658840200391441.85,-41.55,1186.23,O,0,0,O,0,0,O,0,0,O,0,0,O,0,0,O,0,0,O,0,0,O,0,0,O,0,0,O,0,0,O,0,0,O,0,0,O,0,0,O,0,0,O,0,0,O,0,0,O,0,0,O,0,0,O,0,0,O,0,0,O,0,0,O,0,0,O,0,0,O,0,0,O,0,0,O,0,0,O,0,0,O,0,0,O,0,0,O,0,0,O,0,0,O,0,0,O,0,0,O,0,0,O,0,0,O,0,0
198,2668712831088025040.25,31287168911975001.29,-41.55,1186.84,O,0,0,O,0,0,O,0,0,O,0,0,O,0,0,O,0,0,O,0,0,O,0,0,O,0,0,O,0,0,O,0,0,O,0,0,O,0,0,O,0,0,O,0,0,O,0,0,O,0,0,O,0,0,O,0,0,O,0,0,O,0,0,O,0,0,O,0,0,O,0,0,O,0,0,O,0,0,O,0,0,O,0,0,O,0,0,O,0,0,O,0,0,O,0,0,O,0,0,O,0,0,O,0,0,O,0,0
199,2670026892182327990.31,29973107817672051.24,-41.55,1187.42,O,0,0,O,0,0,O,0,0,O,0,0,O,0,0,O,0,0,O,0,0,O,0,0,O,0,0,O,0,0,O,0,0,O,0,0,O,0,0,O,0,0,O,0,0,O,0,0,O,0,0,O,0,0,O,0,0,O,0,0,O,0,0,O,0,0,O,0,0,O,0,0,O,0,0,O,0,0,O,0,0,O,0,0,O,0,0,O,0,0,O,0,0,O,0,0,O,0,0,O,0,0,O,0,0,O,0,0
200,2671285762710670216.46,28714237289329825.08,-41.55,1187.98,O,0,0,O,0,0,O,0,0,O,0,0,O,0,0,O,0,0,O,0,0,O,0,0,O,0,0,O,0,0,O,0,0,O,0,0,O,0,0,O,0,0,O,0,0,O,0,0,O,0,0,O,0,0,O,0,0,O,0,0,O,0,0,O,0,0,O,0,0,O,0,0,O,0,0,O,0,0,O,0,0,O,0,0,O,0,0,O,0,0,O,0,0,O,0,0,O,0,0,O,0,0,O,0,0,O,0,0
201,2672491760676822069.11,27508239323177972.43,-41.55,1188.52,O,0,0,O,0,0,O,0,0,O,0,0,O,0,0,O,0,0,O,0,0,O,0,0,O,0,0,O,0,0,O,0,0,O,0,0,O,0,0,O,0,0,O,0,0,O,0,0,O,0,0,O,0,0,O,0,0,O,0,0,O,0,0,O,0,0,O,0,0,O,0,0,O,0,0,O,0,0,O,0,0,O,0,0,O,0,0,O,0,0,O,0,0,O,0,0,O,0,0,O,0,0,O,0,0,O,0,0
202,2673647106728395543.96,26352893271604497.59,-41.55,1189.03,O,0,0,O,0,0,O,0,0,O,0,0,O,0,0,O,0,0,O,0,0,O,0,0,O,0,0,O,0,0,O,0,0,O,0,0,O,0,0,O,0,0,O,0,0,O,0,0,O,0,0,O,0,0,O,0,0,O,0,0,O,0,0,O,0,0,O,0,0,O,0,0,O,0,0,O,0,0,O,0,0,O,0,0,O,0,0,O,0,0,O,0,0,O,0,0,O,0,0,O,0,0,O,0,0,O,0,0
203,2674753928245802932.85,25246071754197108.69,-41.55,1189.52,O,0,0,O,0,0,O,0,0,O,0,0,O,0,0,O,0,0,O,0,0,O,0,0,O,0,0,O,0,0,O,0,0,O,0,0,O,0,0,O,0,0,O,0,0,O,0,0,O,0,0,O,0,0,O,0,0,O,0,0,O,0,0,O,0,0,O,0,0,O,0,0,O,0,0,O,0,0,O,0,0,O,0,0,O,0,0,O,0,0,O,0,0,O,0,0,O,0,0,O,0,0,O,0,0,O,0,0
204,2675814263259479211.42,24185736740520830.13,-41.55,1189.99,O,0,0,O,0,0,O,0,0,O,0,0,O,0,0,O,0,0,O,0,0,O,0,0,O,0,0,O,0,0,O,0,0,O,0,0,O,0,0,O,0,0,O,0,0,O,0,0,O,0,0,O,0,0,O,0,0,O,0,0,O,0,0,O,0,0,O,0,0,O,0,0,O,0,0,O,0,0,O,0,0,O,0,0,O,0,0,O,0,0,O,0,0,O,0,0,O,0,0,O,0,0,O,0,0,O,0,0
205,2676830064202581086.29,23169935797418955.26,-41.55,1190.45,O,0,0,O,0,0,O,0,0,O,0,0,O,0,0,O,0,0,O,0,0,O,0,0,O,0,0,O,0,0,O,0,0,O,0,0,O,0,0,O,0,0,O,0,0,O,0,0,O,0,0,O,0,0,O,0,0,O,0,0,O,0,0,O,0,0,O,0,0,O,0,0,O,0,0,O,0,0,O,0,0,O,0,0,O,0,0,O,0,0,O,0,0,O,0,0,O,0,0,O,0,0,O,0,0,O,0,0
206,2677803201506072682.41,22196798493927359.14,-41.55,1190.88,O,0,0,O,0,0,O,0,0,O,0,0,O,0,0,O,0,0,O,0,0,O,0,0,O,0,0,O,0,0,O,0,0,O,0,0,O,0,0,O,0,0,O,0,0,O,0,0,O,0,0,O,0,0,O,0,0,O,0,0,O,0,0,O,0,0,O,0,0,O,0,0,O,0,0,O,0,0,O,0,0,O,0,0,O,0,0,O,0,0,O,0,0,O,0,0,O,0,0,O,0,0,O,0,0,O,0,0
207,2678735467042817631.49,21264532957182410.06,-41.55,1191.29,O,0,0,O,0,0,O,0,0,O,0,0,O,0,0,O,0,0,O,0,0,O,0,0,O,0,0,O,0,0,O,0,0,O,0,0,O,0,0,O,0,0,O,0,0,O,0,0,O,0,0,O,0,0,O,0,0,O,0,0,O,0,0,O,0,0,O,0,0,O,0,0,O,0,0,O,0,0,O,0,0,O,0,0,O,0,0,O,0,0,O,0,0,O,0,0,O,0,0,O,0,0,O,0,0,O,0,0
208,2679628577427019292.71,20371422572980748.83,-41.55,1191.69,O,0,0,O,0,0,O,0,0,O,0,0,O,0,0,O,0,0,O,0,0,O,0,0,O,0,0,O,0,0,O,0,0,O,0,0,O,0,0,O,0,0,O,0,0,O,0,0,O,0,0,O,0,0,O,0,0,O,0,0,O,0,0,O,0,0,O,0,0,O,0,0,O,0,0,O,0,0,O,0,0,O,0,0,O,0,0,O,0,0,O,0,0,O,0,0,O,0,0,O,0,0,O,0,0,O,0,0
209,2680484177175084484.16,19515822824915557.38,-41.55,1192.07,O,0,0,O,0,0,O,0,0,O,0,0,O,0,0,O,0,0,O,0,0,O,0,0,O,0,0,O,0,0,O,0,0,O,0,0,O,0,0,O,0,0,O,0,0,O,0,0,O,0,0,O,0,0,O,0,0,O,0,0,O,0,0,O,0,0,O,0,0,O,0,0,O,0,0,O,0,0,O,0,0,O,0,0,O,0,0,O,0,0,O,0,0,O,0,0,O,0,0,O,0,0,O,0,0,O,0,0
210,2681303841733730937.57,18696158266269103.97,-41.55,1192.44,O,0,0,O,0,0,O,0,0,O,0,0,O,0,0,O,0,0,O,0,0,O,0,0,O,0,0,O,0,0,O,0,0,O,0,0,O,0,0,O,0,0,O,0,0,O,0,0,O,0,0,O,0,0,O,0,0,O,0,0,O,0,0,O,0,0,O,0,0,O,0,0,O,0,0,O,0,0,O,0,0,O,0,0,O,0,0,O,0,0,O,0,0,O,0,0,O,0,0,O,0,0,O,0,0,O,0,0
211,2682089080380914239.94,17910919619085801.61,-41.55,1192.78,O,0,0,O,0,0,O,0,0,O,0,0,O,0,0,O,0,0,O,0,0,O,0,0,O,0,0,O,0,0,O,0,0,O,0,0,O,0,0,O,0,0,O,0,0,O,0,0,O,0,0,O,0,0,O,0,0,O,0,0,O,0,0,O,0,0,O,0,0,O,0,0,O,0,0,O,0,0,O,0,0,O,0,0,O,0,0,O,0,0,O,0,0,O,0,0,O,0,0,O,0,0,O,0,0,O,0,0
212,2682841339004915843.61,17158660995084197.94,-41.55,1193.12,O,0,0,O,0,0,O,0,0,O,0,0,O,0,0,O,0,0,O,0,0,O,0,0,O,0,0,O,0,0,O,0,0,O,0,0,O,0,0,O,0,0,O,0,0,O,0,0,O,0,0,O,0,0,O,0,0,O,0,0,O,0,0,O,0,0,O,0,0,O,0,0,O,0,0,O,0,0,O,0,0,O,0,0,O,0,0,O,0,0,O,0,0,O,0,0,O,0,0,O,0,0,O,0,0,O,0,0
213,2683562002766709379.92,16437997233290661.62,-41.55,1193.44,O,0,0,O,0,0,O,0,0,O,0,0,O,0,0,O,0,0,O,0,0,O,0,0,O,0,0,O,0,0,O,0,0,O,0,0,O,0,0,O,0,0,O,0,0,O,0,0,O,0,0,O,0,0,O,0,0,O,0,0,O,0,0,O,0,0,O,0,0,O,0,0,O,0,0,O,0,0,O,0,0,O,0,0,O,0,0,O,0,0,O,0,0,O,0,0,O,0,0,O,0,0,O,0,0,O,0,0
214,2684252398650507587.71,15747601349492453.84,-41.55,1193.75,O,0,0,O,0,0,O,0,0,O,0,0,O,0,0,O,0,0,O,0,0,O,0,0,O,0,0,O,0,0,O,0,0,O,0,0,O,0,0,O,0,0,O,0,0,O,0,0,O,0,0,O,0,0,O,0,0,O,0,0,O,0,0,O,0,0,O,0,0,O,0,0,O,0,0,O,0,0,O,0,0,O,0,0,O,0,0,O,0,0,O,0,0,O,0,0,O,0,0,O,0,0,O,0,0,O,0,0
215,2684913797907186270.77,15086202092813770.78,-41.55,1194.04,O,0,0,O,0,0,O,0,0,O,0,0,O,0,0,O,0,0,O,0,0,O,0,0,O,0,0,O,0,0,O,0,0,O,0,0,O,0,0,O,0,0,O,0,0,O,0,0,O,0,0,O,0,0,O,0,0,O,0,0,O,0,0,O,0,0,O,0,0,O,0,0,O,0,0,O,0,0,O,0,0,O,0,0,O,0,0,O,0,0,O,0,0,O,0,0,O,0,0,O,0,0,O,0,0,O,0,0
216,2685547418395084449.14,14452581604915592.40,-41.55,1194.32,O,0,0,O,0,0,O,0,0,O,0,0,O,0,0,O,0,0,O,0,0,O,0,0,O,0,0,O,0,0,O,0,0,O,0,0,O,0,0,O,0,0,O,0,0,O,0,0,O,0,0,O,0,0,O,0,0,O,0,0,O,0,0,O,0,0,O,0,0,O,0,0,O,0,0,O,0,0,O,0,0,O,0,0,O,0,0,O,0,0,O,0,0,O,0,0,O,0,0,O,0,0,O,0,0,O,0,0
217,2686154426822490904.02,13845573177509137.52,-41.55,1194.59,O,0,0,O,0,0,O,0,0,O,0,0,O,0,0,O,0,0,O,0,0,O,0,0,O,0,0,O,0,0,O,0,0,O,0,0,O,0,0,O,0,0,O,0,0,O,0,0,O,0,0,O,0,0,O,0,0,O,0,0,O,0,0,O,0,0,O,0,0,O,0,0,O,0,0,O,0,0,O,0,0,O,0,0,O,0,0,O,0,0,O,0,0,O,0,0,O,0,0,O,0,0,O,0,0,O,0,0
218,2686735940895946287.80,13264059104053753.75,-41.55,1194.85,O,0,0,O,0,0,O,0,0,O,0,0,O,0,0,O,0,0,O,0,0,O,0,0,O,0,0,O,0,0,O,0,0,O,0,0,O,0,0,O,0,0,O,0,0,O,0,0,O,0,0,O,0,0,O,0,0,O,0,0,O,0,0,O,0,0,O,0,0,O,0,0,O,0,0,O,0,0,O,0,0,O,0,0,O,0,0,O,0,0,O,0,0,O,0,0,O,0,0,O,0,0,O,0,0,O,0,0
219,2687293031378316545.46,12706968621683496.09,-41.55,1195.10,O,0,0,O,0,0,O,0,0,O,0,0,O,0,0,O,0,0,O,0,0,O,0,0,O,0,0,O,0,0,O,0,0,O,0,0,O,0,0,O,0,0,O,0,0,O,0,0,O,0,0,O,0,0,O,0,0,O,0,0,O,0,0,O,0,0,O,0,0,O,0,0,O,0,0,O,0,0,O,0,0,O,0,0,O,0,0,O,0,0,O,0,0,O,0,0,O,0,0,O,0,0,O,0,0,O,0,0
220,2687826724060427252.29,12173275939572789.25,-41.55,1195.34,O,0,0,O,0,0,O,0,0,O,0,0,O,0,0,O,0,0,O,0,0,O,0,0,O,0,0,O,0,0,O,0,0,O,0,0,O,0,0,O,0,0,O,0,0,O,0,0,O,0,0,O,0,0,O,0,0,O,0,0,O,0,0,O,0,0,O,0,0,O,0,0,O,0,0,O,0,0,O,0,0,O,0,0,O,0,0,O,0,0,O,0,0,O,0,0,O,0,0,O,0,0,O,0,0,O,0,0
221,2688338001649889309.44,11661998350110732.10,-41.55,1195.56,O,0,0,O,0,0,O,0,0,O,0,0,O,0,0,O,0,0,O,0,0,O,0,0,O,0,0,O,0,0,O,0,0,O,0,0,O,0,0,O,0,0,O,0,0,O,0,0,O,0,0,O,0,0,O,0,0,O,0,0,O,0,0,O,0,0,O,0,0,O,0,0,O,0,0,O,0,0,O,0,0,O,0,0,O,0,0,O,0,0,O,0,0,O,0,0,O,0,0,O,0,0,O,0,0,O,0,0
222,2688827805580593960.19,11172194419406081.36,-41.55,1195.78,O,0,0,O,0,0,O,0,0,O,0,0,O,0,0,O,0,0,O,0,0,O,0,0,O,0,0,O,0,0,O,0,0,O,0,0,O,0,0,O,0,0,O,0,0,O,0,0,O,0,0,O,0,0,O,0,0,O,0,0,O,0,0,O,0,0,O,0,0,O,0,0,O,0,0,O,0,0,O,0,0,O,0,0,O,0,0,O,0,0,O,0,0,O,0,0,O,0,0,O,0,0,O,0,0,O,0,0
223,2689297037746209015.61,10702962253791025.94,-41.55,1195.99,O,0,0,O,0,0,O,0,0,O,0,0,O,0,0,O,0,0,O,0,0,O,0,0,O,0,0,O,0,0,O,0,0,O,0,0,O,0,0,O,0,0,O,0,0,O,0,0,O,0,0,O,0,0,O,0,0,O,0,0,O,0,0,O,0,0,O,0,0,O,0,0,O,0,0,O,0,0,O,0,0,O,0,0,O,0,0,O,0,0,O,0,0,O,0,0,O,0,0,O,0,0,O,0,0,O,0,0
224,2689746562160868238.70,10253437839131802.85,-41.55,1196.19,O,0,0,O,0,0,O,0,0,O,0,0,O,0,0,O,0,0,O,0,0,O,0,0,O,0,0,O,0,0,O,0,0,O,0,0,O,0,0,O,0,0,O,0,0,O,0,0,O,0,0,O,0,0,O,0,0,O,0,0,O,0,0,O,0,0,O,0,0,O,0,0,O,0,0,O,0,0,O,0,0,O,0,0,O,0,0,O,0,0,O,0,0,O,0,0,O,0,0,O,0,0,O,0,0,O,0,0
225,2690177206550111774.42,9822793449888267.13,-41.55,1196.38,O,0,0,O,0,0,O,0,0,O,0,0,O,0,0,O,0,0,O,0,0,O,0,0,O,0,0,O,0,0,O,0,0,O,0,0,O,0,0,O,0,0,O,0,0,O,0,0,O,0,0,O,0,0,O,0,0,O,0,0,O,0,0,O,0,0,O,0,0,O,0,0,O,0,0,O,0,0,O,0,0,O,0,0,O,0,0,O,0,0,O,0,0,O,0,0,O,0,0,O,0,0,O,0,0,O,0,0
226,2690589763875007081.64,9410236124992959.91,-41.55,1196.57,O,0,0,O,0,0,O,0,0,O,0,0,O,0,0,O,0,0,O,0,0,O,0,0,O,0,0,O,0,0,O,0,0,O,0,0,O,0,0,O,0,0,O,0,0,O,0,0,O,0,0,O,0,0,O,0,0,O,0,0,O,0,0,O,0,0,O,0,0,O,0,0,O,0,0,O,0,0,O,0,0,O,0,0,O,0,0,O,0,0,O,0,0,O,0,0,O,0,0,O,0,0,O,0,0,O,0,0
227,2690984993792256785.95,9015006207743255.59,-41.55,1196.74,O,0,0,O,0,0,O,0,0,O,0,0,O,0,0,O,0,0,O,0,0,O,0,0,O,0,0,O,0,0,O,0,0,O,0,0,O,0,0,O,0,0,O,0,0,O,0,0,O,0,0,O,0,0,O,0,0,O,0,0,O,0,0,O,0,0,O,0,0,O,0,0,O,0,0,O,0,0,O,0,0,O,0,0,O,0,0,O,0,0,O,0,0,O,0,0,O,0,0,O,0,0,O,0,0,O,0,0
228,2691363624052982002.69,8636375947018038.86,-41.55,1196.91,O,0,0,O,0,0,O,0,0,O,0,0,O,0,0,O,0,0,O,0,0,O,0,0,O,0,0,O,0,0,O,0,0,O,0,0,O,0,0,O,0,0,O,0,0,O,0,0,O,0,0,O,0,0,O,0,0,O,0,0,O,0,0,O,0,0,O,0,0,O,0,0,O,0,0,O,0,0,O,0,0,O,0,0,O,0,0,O,0,0,O,0,0,O,0,0,O,0,0,O,0,0,O,0,0,O,0,0
229,2691726351842756760.32,8273648157243281.23,-41.55,1197.07,O,0,0,O,0,0,O,0,0,O,0,0,O,0,0,O,0,0,O,0,0,O,0,0,O,0,0,O,0,0,O,0,0,O,0,0,O,0,0,O,0,0,O,0,0,O,0,0,O,0,0,O,0,0,O,0,0,O,0,0,O,0,0,O,0,0,O,0,0,O,0,0,O,0,0,O,0,0,O,0,0,O,0,0,O,0,0,O,0,0,O,0,0,O,0,0,O,0,0,O,0,0,O,0,0,O,0,0
230,2692073845065360978.13,7926154934639063.42,-41.55,1197.23,O,0,0,O,0,0,O,0,0,O,0,0,O,0,0,O,0,0,O,0,0,O,0,0,O,0,0,O,0,0,O,0,0,O,0,0,O,0,0,O,0,0,O,0,0,O,0,0,O,0,0,O,0,0,O,0,0,O,0,0,O,0,0,O,0,0,O,0,0,O,0,0,O,0,0,O,0,0,O,0,0,O,0,0,O,0,0,O,0,0,O,0,0,O,0,0,O,0,0,O,0,0,O,0,0,O,0,0
231,2692406743572615818.79,7593256427384222.75,-41.55,1197.37,O,0,0,O,0,0,O,0,0,O,0,0,O,0,0,O,0,0,O,0,0,O,0,0,O,0,0,O,0,0,O,0,0,O,0,0,O,0,0,O,0,0,O,0,0,O,0,0,O,0,0,O,0,0,O,0,0,O,0,0,O,0,0,O,0,0,O,0,0,O,0,0,O,0,0,O,0,0,O,0,0,O,0,0,O,0,0,O,0,0,O,0,0,O,0,0,O,0,0,O,0,0,O,0,0,O,0,0
232,2692725660342565956.15,7274339657434085.40,-41.55,1197.51,O,0,0,O,0,0,O,0,0,O,0,0,O,0,0,O,0,0,O,0,0,O,0,0,O,0,0,O,0,0,O,0,0,O,0,0,O,0,0,O,0,0,O,0,0,O,0,0,O,0,0,O,0,0,O,0,0,O,0,0,O,0,0,O,0,0,O,0,0,O,0,0,O,0,0,O,0,0,O,0,0,O,0,0,O,0,0,O,0,0,O,0,0,O,0,0,O,0,0,O,0,0,O,0,0,O,0,0
233,2693031182608178187.74,6968817391821853.81,-41.55,1197.65,O,0,0,O,0,0,O,0,0,O,0,0,O,0,0,O,0,0,O,0,0,O,0,0,O,0,0,O,0,0,O,0,0,O,0,0,O,0,0,O,0,0,O,0,0,O,0,0,O,0,0,O,0,0,O,0,0,O,0,0,O,0,0,O,0,0,O,0,0,O,0,0,O,0,0,O,0,0,O,0,0,O,0,0,O,0,0,O,0,0,O,0,0,O,0,0,O,0,0,O,0,0,O,0,0,O,0,0
234,2693323872938634705.60,6676127061365335.95,-41.55,1197.78,O,0,0,O,0,0,O,0,0,O,0,0,O,0,0,O,0,0,O,0,0,O,0,0,O,0,0,O,0,0,O,0,0,O,0,0,O,0,0,O,0,0,O,0,0,O,0,0,O,0,0,O,0,0,O,0,0,O,0,0,O,0,0,O,0,0,O,0,0,O,0,0,O,0,0,O,0,0,O,0,0,O,0,0,O,0,0,O,0,0,O,0,0,O,0,0,O,0,0,O,0,0,O,0,0,O,0,0
235,2693604270275212049.71,6395729724787991.84,-41.55,1197.91,O,0,0,O,0,0,O,0,0,O,0,0,O,0,0,O,0,0,O,0,0,O,0,0,O,0,0,O,0,0,O,0,0,O,0,0,O,0,0,O,0,0,O,0,0,O,0,0,O,0,0,O,0,0,O,0,0,O,0,0,O,0,0,O,0,0,O,0,0,O,0,0,O,0,0,O,0,0,O,0,0,O,0,0,O,0,0,O,0,0,O,0,0,O,0,0,O,0,0,O,0,0,O,0,0,O,0,0
236,2693872890923653145.36,6127109076346896.18,-41.55,1198.03,O,0,0,O,0,0,O,0,0,O,0,0,O,0,0,O,0,0,O,0,0,O,0,0,O,0,0,O,0,0,O,0,0,O,0,0,O,0,0,O,0,0,O,0,0,O,0,0,O,0,0,O,0,0,O,0,0,O,0,0,O,0,0,O,0,0,O,0,0,O,0,0,O,0,0,O,0,0,O,0,0,O,0,0,O,0,0,O,0,0,O,0,0,O,0,0,O,0,0,O,0,0,O,0,0,O,0,0
237,2694130229504859715.00,5869770495140326.54,-41.55,1198.14,O,0,0,O,0,0,O,0,0,O,0,0,O,0,0,O,0,0,O,0,0,O,0,0,O,0,0,O,0,0,O,0,0,O,0,0,O,0,0,O,0,0,O,0,0,O,0,0,O,0,0,O,0,0,O,0,0,O,0,0,O,0,0,O,0,0,O,0,0,O,0,0,O,0,0,O,0,0,O,0,0,O,0,0,O,0,0,O,0,0,O,0,0,O,0,0,O,0,0,O,0,0,O,0,0,O,0,0
238,2694376759865655608.72,5623240134344432.83,-41.55,1198.25,O,0,0,O,0,0,O,0,0,O,0,0,O,0,0,O,0,0,O,0,0,O,0,0,O,0,0,O,0,0,O,0,0,O,0,0,O,0,0,O,0,0,O,0,0,O,0,0,O,0,0,O,0,0,O,0,0,O,0,0,O,0,0,O,0,0,O,0,0,O,0,0,O,0,0,O,0,0,O,0,0,O,0,0,O,0,0,O,0,0,O,0,0,O,0,0,O,0,0,O,0,0,O,0,0,O,0,0
239,2694612935951298074.90,5387064048701966.65,-41.55,1198.35,O,0,0,O,0,0,O,0,0,O,0,0,O,0,0,O,0,0,O,0,0,O,0,0,O,0,0,O,0,0,O,0,0,O,0,0,O,0,0,O,0,0,O,0,0,O,0,0,O,0,0,O,0,0,O,0,0,O,0,0,O,0,0,O,0,0,O,0,0,O,0,0,O,0,0,O,0,0,O,0,0,O,0,0,O,0,0,O,0,0,O,0,0,O,0,0,O,0,0,O,0,0,O,0,0,O,0,0
240,2694839192641343557.50,5160807358656484.05,-41.55,1198.45,O,0,0,O,0,0,O,0,0,O,0,0,O,0,0,O,0,0,O,0,0,O,0,0,O,0,0,O,0,0,O,0,0,O,0,0,O,0,0,O,0,0,O,0,0,O,0,0,O,0,0,O,0,0,O,0,0,O,0,0,O,0,0,O,0,0,O,0,0,O,0,0,O,0,0,O,0,0,O,0,0,O,0,0,O,0,0,O,0,0,O,0,0,O,0,0,O,0,0,O,0,0,O,0,0,O,0,0
241,2695055946550407129.83,4944053449592911.72,-41.55,1198.55,O,0,0,O,0,0,O,0,0,O,0,0,O,0,0,O,0,0,O,0,0,O,0,0,O,0,0,O,0,0,O,0,0,O,0,0,O,0,0,O,0,0,O,0,0,O,0,0,O,0,0,O,0,0,O,0,0,O,0,0,O,0,0,O,0,0,O,0,0,O,0,0,O,0,0,O,0,0,O,0,0,O,0,0,O,0,0,O,0,0,O,0,0,O,0,0,O,0,0,O,0,0,O,0,0,O,0,0
242,2695263596795290032.12,4736403204710009.43,-41.55,1198.64,O,0,0,O,0,0,O,0,0,O,0,0,O,0,0,O,0,0,O,0,0,O,0,0,O,0,0,O,0,0,O,0,0,O,0,0,O,0,0,O,0,0,O,0,0,O,0,0,O,0,0,O,0,0,O,0,0,O,0,0,O,0,0,O,0,0,O,0,0,O,0,0,O,0,0,O,0,0,O,0,0,O,0,0,O,0,0,O,0,0,O,0,0,O,0,0,O,0,0,O,0,0,O,0,0,O,0,0
243,2695462525729887852.51,4537474270112189.03,-41.55,1198.73,O,0,0,O,0,0,O,0,0,O,0,0,O,0,0,O,0,0,O,0,0,O,0,0,O,0,0,O,0,0,O,0,0,O,0,0,O,0,0,O,0,0,O,0,0,O,0,0,O,0,0,O,0,0,O,0,0,O,0,0,O,0,0,O,0,0,O,0,0,O,0,0,O,0,0,O,0,0,O,0,0,O,0,0,O,0,0,O,0,0,O,0,0,O,0,0,O,0,0,O,0,0,O,0,0,O,0,0
244,2695653099649232564.45,4346900350767477.09,-41.55,1198.82,O,0,0,O,0,0,O,0,0,O,0,0,O,0,0,O,0,0,O,0,0,O,0,0,O,0,0,O,0,0,O,0,0,O,0,0,O,0,0,O,0,0,O,0,0,O,0,0,O,0,0,O,0,0,O,0,0,O,0,0,O,0,0,O,0,0,O,0,0,O,0,0,O,0,0,O,0,0,O,0,0,O,0,0,O,0,0,O,0,0,O,0,0,O,0,0,O,0,0,O,0,0,O,0,0,O,0,0
245,2695835669463964798.49,4164330536035243.05,-41.55,1198.90,O,0,0,O,0,0,O,0,0,O,0,0,O,0,0,O,0,0,O,0,0,O,0,0,O,0,0,O,0,0,O,0,0,O,0,0,O,0,0,O,0,0,O,0,0,O,0,0,O,0,0,O,0,0,O,0,0,O,0,0,O,0,0,O,0,0,O,0,0,O,0,0,O,0,0,O,0,0,O,0,0,O,0,0,O,0,0,O,0,0,O,0,0,O,0,0,O,0,0,O,0,0,O,0,0,O,0,0
246,2696010571346478278.70,3989428653521762.85,-41.55,1198.98,O,0,0,O,0,0,O,0,0,O,0,0,O,0,0,O,0,0,O,0,0,O,0,0,O,0,0,O,0,0,O,0,0,O,0,0,O,0,0,O,0,0,O,0,0,O,0,0,O,0,0,O,0,0,O,0,0,O,0,0,O,0,0,O,0,0,O,0,0,O,0,0,O,0,0,O,0,0,O,0,0,O,0,0,O,0,0,O,0,0,O,0,0,O,0,0,O,0,0,O,0,0,O,0,0,O,0,0
247,2696178127349926192.74,3821872650073848.81,-41.55,1199.05,O,0,0,O,0,0,O,0,0,O,0,0,O,0,0,O,0,0,O,0,0,O,0,0,O,0,0,O,0,0,O,0,0,O,0,0,O,0,0,O,0,0,O,0,0,O,0,0,O,0,0,O,0,0,O,0,0,O,0,0,O,0,0,O,0,0,O,0,0,O,0,0,O,0,0,O,0,0,O,0,0,O,0,0,O,0,0,O,0,0,O,0,0,O,0,0,O,0,0,O,0,0,O,0,0,O,0,0
248,2696338646001229294.39,3661353998770747.16,-41.55,1199.12,O,0,0,O,0,0,O,0,0,O,0,0,O,0,0,O,0,0,O,0,0,O,0,0,O,0,0,O,0,0,O,0,0,O,0,0,O,0,0,O,0,0,O,0,0,O,0,0,O,0,0,O,0,0,O,0,0,O,0,0,O,0,0,O,0,0,O,0,0,O,0,0,O,0,0,O,0,0,O,0,0,O,0,0,O,0,0,O,0,0,O,0,0,O,0,0,O,0,0,O,0,0,O,0,0,O,0,0
249,2696492422869177665.77,3507577130822375.78,-41.55,1199.19,O,0,0,O,0,0,O,0,0,O,0,0,O,0,0,O,0,0,O,0,0,O,0,0,O,0,0,O,0,0,O,0,0,O,0,0,O,0,0,O,0,0,O,0,0,O,0,0,O,0,0,O,0,0,O,0,0,O,0,0,O,0,0,O,0,0,O,0,0,O,0,0,O,0,0,O,0,0,O,0,0,O,0,0,O,0,0,O,0,0,O,0,0,O,0,0,O,0,0,O,0,0,O,0,0,O,0,0
250,2696639741108672205.55,3360258891327835.99,-41.55,1199.26,O,0,0,O,0,0,O,0,0,O,0,0,O,0,0,O,0,0,O,0,0,O,0,0,O,0,0,O,0,0,O,0,0,O,0,0,O,0,0,O,0,0,O,0,0,O,0,0,O,0,0,O,0,0,O,0,0,O,0,0,O,0,0,O,0,0,O,0,0,O,0,0,O,0,0,O,0,0,O,0,0,O,0,0,O,0,0,O,0,0,O,0,0,O,0,0,O,0,0,O,0,0,O,0,0,O,0,0
251,2696780871982107974.66,3219128017892066.88,-41.55,1199.32,O,0,0,O,0,0,O,0,0,O,0,0,O,0,0,O,0,0,O,0,0,O,0,0,O,0,0,O,0,0,O,0,0,O,0,0,O,0,0,O,0,0,O,0,0,O,0,0,O,0,0,O,0,0,O,0,0,O,0,0,O,0,0,O,0,0,O,0,0,O,0,0,O,0,0,O,0,0,O,0,0,O,0,0,O,0,0,O,0,0,O,0,0,O,0,0,O,0,0,O,0,0,O,0,0,O,0,0
252,2696916075358859441.47,3083924641140600.07,-41.55,1199.38,O,0,0,O,0,0,O,0,0,O,0,0,O,0,0,O,0,0,O,0,0,O,0,0,O,0,0,O,0,0,O,0,0,O,0,0,O,0,0,O,0,0,O,0,0,O,0,0,O,0,0,O,0,0,O,0,0,O,0,0,O,0,0,O,0,0,O,0,0,O,0,0,O,0,0,O,0,0,O,0,0,O,0,0,O,0,0,O,0,0,O,0,0,O,0,0,O,0,0,O,0,0,O,0,0,O,0,0
253,2697045600193787346.68,2954399806212694.87,-41.55,1199.44,O,0,0,O,0,0,O,0,0,O,0,0,O,0,0,O,0,0,O,0,0,O,0,0,O,0,0,O,0,0,O,0,0,O,0,0,O,0,0,O,0,0,O,0,0,O,0,0,O,0,0,O,0,0,O,0,0,O,0,0,O,0,0,O,0,0,O,0,0,O,0,0,O,0,0,O,0,0,O,0,0,O,0,0,O,0,0,O,0,0,O,0,0,O,0,0,O,0,0,O,0,0,O,0,0,O,0,0
254,2697169684985648279.86,2830315014351761.69,-41.55,1199.49,O,0,0,O,0,0,O,0,0,O,0,0,O,0,0,O,0,0,O,0,0,O,0,0,O,0,0,O,0,0,O,0,0,O,0,0,O,0,0,O,0,0,O,0,0,O,0,0,O,0,0,O,0,0,O,0,0,O,0,0,O,0,0,O,0,0,O,0,0,O,0,0,O,0,0,O,0,0,O,0,0,O,0,0,O,0,0,O,0,0,O,0,0,O,0,0,O,0,0,O,0,0,O,0,0,O,0,0
255,2697288558216251053.85,2711441783748987.69,-41.55,1199.54,O,0,0,O,0,0,O,0,0,O,0,0,O,0,0,O,0,0,O,0,0,O,0,0,O,0,0,O,0,0,O,0,0,O,0,0,O,0,0,O,0,0,O,0,0,O,0,0,O,0,0,O,0,0,O,0,0,O,0,0,O,0,0,O,0,0,O,0,0,O,0,0,O,0,0,O,0,0,O,0,0,O,0,0,O,0,0,O,0,0,O,0,0,O,0,0,O,0,0,O,0,0,O,0,0,O,0,0
256,2697402438771168511.33,2597561228831530.21,-41.55,1199.59,O,0,0,O,0,0,O,0,0,O,0,0,O,0,0,O,0,0,O,0,0,O,0,0,O,0,0,O,0,0,O,0,0,O,0,0,O,0,0,O,0,0,O,0,0,O,0,0,O,0,0,O,0,0,O,0,0,O,0,0,O,0,0,O,0,0,O,0,0,O,0,0,O,0,0,O,0,0,O,0,0,O,0,0,O,0,0,O,0,0,O,0,0,O,0,0,O,0,0,O,0,0,O,0,0,O,0,0
257,2697511536342779435.60,2488463657220605.94,-41.55,1199.64,O,0,0,O,0,0,O,0,0,O,0,0,O,0,0,O,0,0,O,0,0,O,0,0,O,0,0,O,0,0,O,0,0,O,0,0,O,0,0,O,0,0,O,0,0,O,0,0,O,0,0,O,0,0,O,0,0,O,0,0,O,0,0,O,0,0,O,0,0,O,0,0,O,0,0,O,0,0,O,0,0,O,0,0,O,0,0,O,0,0,O,0,0,O,0,0,O,0,0,O,0,0,O,0,0,O,0,0
258,2697616051816382701.05,2383948183617340.49,-41.55,1199.69,O,0,0,O,0,0,O,0,0,O,0,0,O,0,0,O,0,0,O,0,0,O,0,0,O,0,0,O,0,0,O,0,0,O,0,0,O,0,0,O,0,0,O,0,0,O,0,0,O,0,0,O,0,0,O,0,0,O,0,0,O,0,0,O,0,0,O,0,0,O,0,0,O,0,0,O,0,0,O,0,0,O,0,0,O,0,0,O,0,0,O,0,0,O,0,0,O,0,0,O,0,0,O,0,0,O,0,0
259,2697716177640094629.35,2283822359905412.19,-41.55,1199.73,O,0,0,O,0,0,O,0,0,O,0,0,O,0,0,O,0,0,O,0,0,O,0,0,O,0,0,O,0,0,O,0,0,O,0,0,O,0,0,O,0,0,O,0,0,O,0,0,O,0,0,O,0,0,O,0,0,O,0,0,O,0,0,O,0,0,O,0,0,O,0,0,O,0,0,O,0,0,O,0,0,O,0,0,O,0,0,O,0,0,O,0,0,O,0,0,O,0,0,O,0,0,O,0,0,O,0,0
260,2697812098179210656.67,2187901820789384.88,-41.55,1199.78,O,0,0,O,0,0,O,0,0,O,0,0,O,0,0,O,0,0,O,0,0,O,0,0,O,0,0,O,0,0,O,0,0,O,0,0,O,0,0,O,0,0,O,0,0,O,0,0,O,0,0,O,0,0,O,0,0,O,0,0,O,0,0,O,0,0,O,0,0,O,0,0,O,0,0,O,0,0,O,0,0,O,0,0,O,0,0,O,0,0,O,0,0,O,0,0,O,0,0,O,0,0,O,0,0,O,0,0
261,2697903990055683810.83,2096009944316230.72,-41.55,1199.82,O,0,0,O,0,0,O,0,0,O,0,0,O,0,0,O,0,0,O,0,0,O,0,0,O,0,0,O,0,0,O,0,0,O,0,0,O,0,0,O,0,0,O,0,0,O,0,0,O,0,0,O,0,0,O,0,0,O,0,0,O,0,0,O,0,0,O,0,0,O,0,0,O,0,0,O,0,0,O,0,0,O,0,0,O,0,0,O,0,0,O,0,0,O,0,0,O,0,0,O,0,0,O,0,0,O,0,0
262,2697992022473345092.52,2007977526654949.03,-41.55,1199.86,O,0,0,O,0,0,O,0,0,O,0,0,O,0,0,O,0,0,O,0,0,O,0,0,O,0,0,O,0,0,O,0,0,O,0,0,O,0,0,O,0,0,O,0,0,O,0,0,O,0,0,O,0,0,O,0,0,O,0,0,O,0,0,O,0,0,O,0,0,O,0,0,O,0,0,O,0,0,O,0,0,O,0,0,O,0,0,O,0,0,O,0,0,O,0,0,O,0,0,O,0,0,O,0,0,O,0,0
263,2698076357529464600.38,1923642470535441.17,-41.55,1199.89,O,0,0,O,0,0,O,0,0,O,0,0,O,0,0,O,0,0,O,0,0,O,0,0,O,0,0,O,0,0,O,0,0,O,0,0,O,0,0,O,0,0,O,0,0,O,0,0,O,0,0,O,0,0,O,0,0,O,0,0,O,0,0,O,0,0,O,0,0,O,0,0,O,0,0,O,0,0,O,0,0,O,0,0,O,0,0,O,0,0,O,0,0,O,0,0,O,0,0,O,0,0,O,0,0,O,0,0
264,2698157150513227088.91,1842849486772952.64,-41.55,1199.93,O,0,0,O,0,0,O,0,0,O,0,0,O,0,0,O,0,0,O,0,0,O,0,0,O,0,0,O,0,0,O,0,0,O,0,0,O,0,0,O,0,0,O,0,0,O,0,0,O,0,0,O,0,0,O,0,0,O,0,0,O,0,0,O,0,0,O,0,0,O,0,0,O,0,0,O,0,0,O,0,0,O,0,0,O,0,0,O,0,0,O,0,0,O,0,0,O,0,0,O,0,0,O,0,0,O,0,0
265,2698234550191671552.92,1765449808328488.63,-41.55,1199.96,O,0,0,O,0,0,O,0,0,O,0,0,O,0,0,O,0,0,O,0,0,O,0,0,O,0,0,O,0,0,O,0,0,O,0,0,O,0,0,O,0,0,O,0,0,O,0,0,O,0,0,O,0,0,O,0,0,O,0,0,O,0,0,O,0,0,O,0,0,O,0,0,O,0,0,O,0,0,O,0,0,O,0,0,O,0,0,O,0,0,O,0,0,O,0,0,O,0,0,O,0,0,O,0,0,O,0,0
266,2698308699083621349.44,1691300916378692.10,-41.55,1200.00,O,0,0,O,0,0,O,0,0,O,0,0,O,0,0,O,0,0,O,0,0,O,0,0,O,0,0,O,0,0,O,0,0,O,0,0,O,0,0,O,0,0,O,0,0,O,0,0,O,0,0,O,0,0,O,0,0,O,0,0,O,0,0,O,0,0,O,0,0,O,0,0,O,0,0,O,0,0,O,0,0,O,0,0,O,0,0,O,0,0,O,0,0,O,0,0,O,0,0,O,0,0,O,0,0,O,0,0
267,2698379733722109254.51,1620266277890787.04,-41.55,1200.03,O,0,0,O,0,0,O,0,0,O,0,0,O,0,0,O,0,0,O,0,0,O,0,0,O,0,0,O,0,0,O,0,0,O,0,0,O,0,0,O,0,0,O,0,0,O,0,0,O,0,0,O,0,0,O,0,0,O,0,0,O,0,0,O,0,0,O,0,0,O,0,0,O,0,0,O,0,0,O,0,0,O,0,0,O,0,0,O,0,0,O,0,0,O,0,0,O,0,0,O,0,0,O,0,0,O,0,0
268,2698447784905780667.57,1552215094219373.98,-41.55,1200.06,O,0,0,O,0,0,O,0,0,O,0,0,O,0,0,O,0,0,O,0,0,O,0,0,O,0,0,O,0,0,O,0,0,O,0,0,O,0,0,O,0,0,O,0,0,O,0,0,O,0,0,O,0,0,O,0,0,O,0,0,O,0,0,O,0,0,O,0,0,O,0,0,O,0,0,O,0,0,O,0,0,O,0,0,O,0,0,O,0,0,O,0,0,O,0,0,O,0,0,O,0,0,O,0,0,O,0,0
269,2698512977939737881.27,1487022060262160.27,-41.55,1200.09,O,0,0,O,0,0,O,0,0,O,0,0,O,0,0,O,0,0,O,0,0,O,0,0,O,0,0,O,0,0,O,0,0,O,0,0,O,0,0,O,0,0,O,0,0,O,0,0,O,0,0,O,0,0,O,0,0,O,0,0,O,0,0,O,0,0,O,0,0,O,0,0,O,0,0,O,0,0,O,0,0,O,0,0,O,0,0,O,0,0,O,0,0,O,0,0,O,0,0,O,0,0,O,0,0,O,0,0
270,2698575432866268892.00,1424567133731149.54,-41.55,1200.12,O,0,0,O,0,0,O,0,0,O,0,0,O,0,0,O,0,0,O,0,0,O,0,0,O,0,0,O,0,0,O,0,0,O,0,0,O,0,0,O,0,0,O,0,0,O,0,0,O,0,0,O,0,0,O,0,0,O,0,0,O,0,0,O,0,0,O,0,0,O,0,0,O,0,0,O,0,0,O,0,0,O,0,0,O,0,0,O,0,0,O,0,0,O,0,0,O,0,0,O,0,0,O,0,0,O,0,0
271,2698635264685885600.28,1364735314114441.26,-41.55,1200.14,O,0,0,O,0,0,O,0,0,O,0,0,O,0,0,O,0,0,O,0,0,O,0,0,O,0,0,O,0,0,O,0,0,O,0,0,O,0,0,O,0,0,O,0,0,O,0,0,O,0,0,O,0,0,O,0,0,O,0,0,O,0,0,O,0,0,O,0,0,O,0,0,O,0,0,O,0,0,O,0,0,O,0,0,O,0,0,O,0,0,O,0,0,O,0,0,O,0,0,O,0,0,O,0,0,O,0,0
272,2698692583569078406.82,1307416430921634.73,-41.55,1200.17,O,0,0,O,0,0,O,0,0,O,0,0,O,0,0,O,0,0,O,0,0,O,0,0,O,0,0,O,0,0,O,0,0,O,0,0,O,0,0,O,0,0,O,0,0,O,0,0,O,0,0,O,0,0,O,0,0,O,0,0,O,0,0,O,0,0,O,0,0,O,0,0,O,0,0,O,0,0,O,0,0,O,0,0,O,0,0,O,0,0,O,0,0,O,0,0,O,0,0,O,0,0,O,0,0,O,0,0
273,2698747495059177115.48,1252504940822926.07,-41.55,1200.19,O,0,0,O,0,0,O,0,0,O,0,0,O,0,0,O,0,0,O,0,0,O,0,0,O,0,0,O,0,0,O,0,0,O,0,0,O,0,0,O,0,0,O,0,0,O,0,0,O,0,0,O,0,0,O,0,0,O,0,0,O,0,0,O,0,0,O,0,0,O,0,0,O,0,0,O,0,0,O,0,0,O,0,0,O,0,0,O,0,0,O,0,0,O,0,0,O,0,0,O,0,0,O,0,0,O,0,0
274,2698800100266691678.37,1199899733308363.17,-41.55,1200.22,O,0,0,O,0,0,O,0,0,O,0,0,O,0,0,O,0,0,O,0,0,O,0,0,O,0,0,O,0,0,O,0,0,O,0,0,O,0,0,O,0,0,O,0,0,O,0,0,O,0,0,O,0,0,O,0,0,O,0,0,O,0,0,O,0,0,O,0,0,O,0,0,O,0,0,O,0,0,O,0,0,O,0,0,O,0,0,O,0,0,O,0,0,O,0,0,O,0,0,O,0,0,O,0,0,O,0,0
275,2698850496055490629.62,1149503944509411.92,-41.55,1200.24,O,0,0,O,0,0,O,0,0,O,0,0,O,0,0,O,0,0,O,0,0,O,0,0,O,0,0,O,0,0,O,0,0,O,0,0,O,0,0,O,0,0,O,0,0,O,0,0,O,0,0,O,0,0,O,0,0,O,0,0,O,0,0,O,0,0,O,0,0,O,0,0,O,0,0,O,0,0,O,0,0,O,0,0,O,0,0,O,0,0,O,0,0,O,0,0,O,0,0,O,0,0,O,0,0,O,0,0
276,2698898775221160024.93,1101224778840016.62,-41.55,1200.26,O,0,0,O,0,0,O,0,0,O,0,0,O,0,0,O,0,0,O,0,0,O,0,0,O,0,0,O,0,0,O,0,0,O,0,0,O,0,0,O,0,0,O,0,0,O,0,0,O,0,0,O,0,0,O,0,0,O,0,0,O,0,0,O,0,0,O,0,0,O,0,0,O,0,0,O,0,0,O,0,0,O,0,0,O,0,0,O,0,0,O,0,0,O,0,0,O,0,0,O,0,0,O,0,0,O,0,0
277,2698945026661871305.62,1054973338128735.92,-41.55,1200.28,O,0,0,O,0,0,O,0,0,O,0,0,O,0,0,O,0,0,O,0,0,O,0,0,O,0,0,O,0,0,O,0,0,O,0,0,O,0,0,O,0,0,O,0,0,O,0,0,O,0,0,O,0,0,O,0,0,O,0,0,O,0,0,O,0,0,O,0,0,O,0,0,O,0,0,O,0,0,O,0,0,O,0,0,O,0,0,O,0,0,O,0,0,O,0,0,O,0,0,O,0,0,O,0,0,O,0,0
278,2698989335542072712.53,1010664457927329.01,-41.55,1200.30,O,0,0,O,0,0,O,0,0,O,0,0,O,0,0,O,0,0,O,0,0,O,0,0,O,0,0,O,0,0,O,0,0,O,0,0,O,0,0,O,0,0,O,0,0,O,0,0,O,0,0,O,0,0,O,0,0,O,0,0,O,0,0,O,0,0,O,0,0,O,0,0,O,0,0,O,0,0,O,0,0,O,0,0,O,0,0,O,0,0,O,0,0,O,0,0,O,0,0,O,0,0,O,0,0,O,0,0
279,2699031783449305660.35,968216550694381.19,-41.55,1200.32,O,0,0,O,0,0,O,0,0,O,0,0,O,0,0,O,0,0,O,0,0,O,0,0,O,0,0,O,0,0,O,0,0,O,0,0,O,0,0,O,0,0,O,0,0,O,0,0,O,0,0,O,0,0,O,0,0,O,0,0,O,0,0,O,0,0,O,0,0,O,0,0,O,0,0,O,0,0,O,0,0,O,0,0,O,0,0,O,0,0,O,0,0,O,0,0,O,0,0,O,0,0,O,0,0,O,0,0
280,2699072448544434824.36,927551455565217.18,-41.55,1200.34,O,0,0,O,0,0,O,0,0,O,0,0,O,0,0,O,0,0,O,0,0,O,0,0,O,0,0,O,0,0,O,0,0,O,0,0,O,0,0,O,0,0,O,0,0,O,0,0,O,0,0,O,0,0,O,0,0,O,0,0,O,0,0,O,0,0,O,0,0,O,0,0,O,0,0,O,0,0,O,0,0,O,0,0,O,0,0,O,0,0,O,0,0,O,0,0,O,0,0,O,0,0,O,0,0,O,0,0
281,2699111405705568563.48,888594294431478.06,-41.55,1200.35,O,0,0,O,0,0,O,0,0,O,0,0,O,0,0,O,0,0,O,0,0,O,0,0,O,0,0,O,0,0,O,0,0,O,0,0,O,0,0,O,0,0,O,0,0,O,0,0,O,0,0,O,0,0,O,0,0,O,0,0,O,0,0,O,0,0,O,0,0,O,0,0,O,0,0,O,0,0,O,0,0,O,0,0,O,0,0,O,0,0,O,0,0,O,0,0,O,0,0,O,0,0,O,0,0,O,0,0
282,2699148726665934685.56,851273334065355.98,-41.55,1200.37,O,0,0,O,0,0,O,0,0,O,0,0,O,0,0,O,0,0,O,0,0,O,0,0,O,0,0,O,0,0,O,0,0,O,0,0,O,0,0,O,0,0,O,0,0,O,0,0,O,0,0,O,0,0,O,0,0,O,0,0,O,0,0,O,0,0,O,0,0,O,0,0,O,0,0,O,0,0,O,0,0,O,0,0,O,0,0,O,0,0,O,0,0,O,0,0,O,0,0,O,0,0,O,0,0,O,0,0
283,2699184480145965430.51,815519854034611.03,-41.55,1200.39,O,0,0,O,0,0,O,0,0,O,0,0,O,0,0,O,0,0,O,0,0,O,0,0,O,0,0,O,0,0,O,0,0,O,0,0,O,0,0,O,0,0,O,0,0,O,0,0,O,0,0,O,0,0,O,0,0,O,0,0,O,0,0,O,0,0,O,0,0,O,0,0,O,0,0,O,0,0,O,0,0,O,0,0,O,0,0,O,0,0,O,0,0,O,0,0,O,0,0,O,0,0,O,0,0,O,0,0
284,2699218731979834884.18,781268020165157.37,-41.55,1200.40,O,0,0,O,0,0,O,0,0,O,0,0,O,0,0,O,0,0,O,0,0,O,0,0,O,0,0,O,0,0,O,0,0,O,0,0,O,0,0,O,0,0,O,0,0,O,0,0,O,0,0,O,0,0,O,0,0,O,0,0,O,0,0,O,0,0,O,0,0,O,0,0,O,0,0,O,0,0,O,0,0,O,0,0,O,0,0,O,0,0,O,0,0,O,0,0,O,0,0,O,0,0,O,0,0,O,0,0
285,2699251545236681820.79,748454763318220.76,-41.55,1200.42,O,0,0,O,0,0,O,0,0,O,0,0,O,0,0,O,0,0,O,0,0,O,0,0,O,0,0,O,0,0,O,0,0,O,0,0,O,0,0,O,0,0,O,0,0,O,0,0,O,0,0,O,0,0,O,0,0,O,0,0,O,0,0,O,0,0,O,0,0,O,0,0,O,0,0,O,0,0,O,0,0,O,0,0,O,0,0,O,0,0,O,0,0,O,0,0,O,0,0,O,0,0,O,0,0,O,0,0
286,2699282980336741186.06,717019663258855.49,-41.55,1200.43,O,0,0,O,0,0,O,0,0,O,0,0,O,0,0,O,0,0,O,0,0,O,0,0,O,0,0,O,0,0,O,0,0,O,0,0,O,0,0,O,0,0,O,0,0,O,0,0,O,0,0,O,0,0,O,0,0,O,0,0,O,0,0,O,0,0,O,0,0,O,0,0,O,0,0,O,0,0,O,0,0,O,0,0,O,0,0,O,0,0,O,0,0,O,0,0,O,0,0,O,0,0,O,0,0,O,0,0
287,2699313095162598057.99,686904837401983.56,-41.55,1200.44,O,0,0,O,0,0,O,0,0,O,0,0,O,0,0,O,0,0,O,0,0,O,0,0,O,0,0,O,0,0,O,0,0,O,0,0,O,0,0,O,0,0,O,0,0,O,0,0,O,0,0,O,0,0,O,0,0,O,0,0,O,0,0,O,0,0,O,0,0,O,0,0,O,0,0,O,0,0,O,0,0,O,0,0,O,0,0,O,0,0,O,0,0,O,0,0,O,0,0,O,0,0,O,0,0,O,0,0
288,2699341945165768941.30,658054834231100.25,-41.55,1200.46,O,0,0,O,0,0,O,0,0,O,0,0,O,0,0,O,0,0,O,0,0,O,0,0,O,0,0,O,0,0,O,0,0,O,0,0,O,0,0,O,0,0,O,0,0,O,0,0,O,0,0,O,0,0,O,0,0,O,0,0,O,0,0,O,0,0,O,0,0,O,0,0,O,0,0,O,0,0,O,0,0,O,0,0,O,0,0,O,0,0,O,0,0,O,0,0,O,0,0,O,0,0,O,0,0,O,0,0
289,2699369583468806647.51,630416531193394.04,-41.55,1200.47,O,0,0,O,0,0,O,0,0,O,0,0,O,0,0,O,0,0,O,0,0,O,0,0,O,0,0,O,0,0,O,0,0,O,0,0,O,0,0,O,0,0,O,0,0,O,0,0,O,0,0,O,0,0,O,0,0,O,0,0,O,0,0,O,0,0,O,0,0,O,0,0,O,0,0,O,0,0,O,0,0,O,0,0,O,0,0,O,0,0,O,0,0,O,0,0,O,0,0,O,0,0,O,0,0,O,0,0
290,2699396060963116770.06,603939036883271.49,-41.55,1200.48,O,0,0,O,0,0,O,0,0,O,0,0,O,0,0,O,0,0,O,0,0,O,0,0,O,0,0,O,0,0,O,0,0,O,0,0,O,0,0,O,0,0,O,0,0,O,0,0,O,0,0,O,0,0,O,0,0,O,0,0,O,0,0,O,0,0,O,0,0,O,0,0,O,0,0,O,0,0,O,0,0,O,0,0,O,0,0,O,0,0,O,0,0,O,0,0,O,0,0,O,0,0,O,0,0,O,0,0
291,2699421426402665867.46,578573597334174.09,-41.55,1200.49,O,0,0,O,0,0,O,0,0,O,0,0,O,0,0,O,0,0,O,0,0,O,0,0,O,0,0,O,0,0,O,0,0,O,0,0,O,0,0,O,0,0,O,0,0,O,0,0,O,0,0,O,0,0,O,0,0,O,0,0,O,0,0,O,0,0,O,0,0,O,0,0,O,0,0,O,0,0,O,0,0,O,0,0,O,0,0,O,0,0,O,0,0,O,0,0,O,0,0,O,0,0,O,0,0,O,0,0
292,2699445726493753902.77,554273506246138.77,-41.55,1200.50,O,0,0,O,0,0,O,0,0,O,0,0,O,0,0,O,0,0,O,0,0,O,0,0,O,0,0,O,0,0,O,0,0,O,0,0,O,0,0,O,0,0,O,0,0,O,0,0,O,0,0,O,0,0,O,0,0,O,0,0,O,0,0,O,0,0,O,0,0,O,0,0,O,0,0,O,0,0,O,0,0,O,0,0,O,0,0,O,0,0,O,0,0,O,0,0,O,0,0,O,0,0,O,0,0,O,0,0
293,2699469005981016240.60,530994018983800.95,-41.55,1200.51,O,0,0,O,0,0,O,0,0,O,0,0,O,0,0,O,0,0,O,0,0,O,0,0,O,0,0,O,0,0,O,0,0,O,0,0,O,0,0,O,0,0,O,0,0,O,0,0,O,0,0,O,0,0,O,0,0,O,0,0,O,0,0,O,0,0,O,0,0,O,0,0,O,0,0,O,0,0,O,0,0,O,0,0,O,0,0,O,0,0,O,0,0,O,0,0,O,0,0,O,0,0,O,0,0,O,0,0
294,2699491307729813560.24,508692270186481.31,-41.55,1200.52,O,0,0,O,0,0,O,0,0,O,0,0,O,0,0,O,0,0,O,0,0,O,0,0,O,0,0,O,0,0,O,0,0,O,0,0,O,0,0,O,0,0,O,0,0,O,0,0,O,0,0,O,0,0,O,0,0,O,0,0,O,0,0,O,0,0,O,0,0,O,0,0,O,0,0,O,0,0,O,0,0,O,0,0,O,0,0,O,0,0,O,0,0,O,0,0,O,0,0,O,0,0,O,0,0,O,0,0
295,2699512672805161392.45,487327194838649.09,-41.55,1200.53,O,0,0,O,0,0,O,0,0,O,0,0,O,0,0,O,0,0,O,0,0,O,0,0,O,0,0,O,0,0,O,0,0,O,0,0,O,0,0,O,0,0,O,0,0,O,0,0,O,0,0,O,0,0,O,0,0,O,0,0,O,0,0,O,0,0,O,0,0,O,0,0,O,0,0,O,0,0,O,0,0,O,0,0,O,0,0,O,0,0,O,0,0,O,0,0,O,0,0,O,0,0,O,0,0,O,0,0
296,2699533140547344615.72,466859452655425.83,-41.55,1200.54,O,0,0,O,0,0,O,0,0,O,0,0,O,0,0,O,0,0,O,0,0,O,0,0,O,0,0,O,0,0,O,0,0,O,0,0,O,0,0,O,0,0,O,0,0,O,0,0,O,0,0,O,0,0,O,0,0,O,0,0,O,0,0,O,0,0,O,0,0,O,0,0,O,0,0,O,0,0,O,0,0,O,0,0,O,0,0,O,0,0,O,0,0,O,0,0,O,0,0,O,0,0,O,0,0,O,0,0
297,2699552748644356143.60,447251355643897.94,-41.55,1200.55,O,0,0,O,0,0,O,0,0,O,0,0,O,0,0,O,0,0,O,0,0,O,0,0,O,0,0,O,0,0,O,0,0,O,0,0,O,0,0,O,0,0,O,0,0,O,0,0,O,0,0,O,0,0,O,0,0,O,0,0,O,0,0,O,0,0,O,0,0,O,0,0,O,0,0,O,0,0,O,0,0,O,0,0,O,0,0,O,0,0,O,0,0,O,0,0,O,0,0,O,0,0,O,0,0,O,0,0
298,2699571533201293187.31,428466798706854.23,-41.55,1200.56,O,0,0,O,0,0,O,0,0,O,0,0,O,0,0,O,0,0,O,0,0,O,0,0,O,0,0,O,0,0,O,0,0,O,0,0,O,0,0,O,0,0,O,0,0,O,0,0,O,0,0,O,0,0,O,0,0,O,0,0,O,0,0,O,0,0,O,0,0,O,0,0,O,0,0,O,0,0,O,0,0,O,0,0,O,0,0,O,0,0,O,0,0,O,0,0,O,0,0,O,0,0,O,0,0,O,0,0
299,2699589528806838875.19,410471193161166.35,-41.55,1200.57,O,0,0,O,0,0,O,0,0,O,0,0,O,0,0,O,0,0,O,0,0,O,0,0,O,0,0,O,0,0,O,0,0,O,0,0,O,0,0,O,0,0,O,0,0,O,0,0,O,0,0,O,0,0,O,0,0,O,0,0,O,0,0,O,0,0,O,0,0,O,0,0,O,0,0,O,0,0,O,0,0,O,0,0,O,0,0,O,0,0,O,0,0,O,0,0,O,0,0,O,0,0,O,0,0,O,0,0
300,2699606768596951644.18,393231403048397.37,-41.55,1200.58,O,0,0,O,0,0,O,0,0,O,0,0,O,0,0,O,0,0,O,0,0,O,0,0,O,0,0,O,0,0,O,0,0,O,0,0,O,0,0,O,0,0,O,0,0,O,0,0,O,0,0,O,0,0,O,0,0,O,0,0,O,0,0,O,0,0,O,0,0,O,0,0,O,0,0,O,0,0,O,0,0,O,0,0,O,0,0,O,0,0,O,0,0,O,0,0,O,0,0,O,0,0,O,0,0,O,0,0